Discharge,Dayl,Prcp,Srad,Swe,Tmax,Tmin,Vp
0.0,-2.273400785986401,0.0,1.2946206231629178,1.3223702588928263,-0.07447772096819744,1.8272755806843275,21.498688958657592
0.0,-2.273400785986401,0.0,1.2946206231629178,1.3223702588928263,-0.07447772096819744,1.8272755806843275,0.31053840762833645
0.0,-2.273400785986401,0.0,1.2946206231629178,1.3223702588928263,-0.07447772096819744,1.8272755806843275,-0.23921621973769225
0.0,-2.273400785986401,0.0,1.2946206231629178,1.3223702588928263,-0.07447772096819744,1.8272755806843275,-0.19708715493144502
0.0,-2.273400785986401,0.0,1.2946206231629178,1.3223702588928263,-0.07447772096819744,1.8272755806843275,-0.07346900702579008
0.0,-2.273400785986401,0.0,0.7533565713444635,1.3223702588928263,-0.07447772096819744,1.8272755806843275,0.049061301178295116
0.0,-2.273400785986401,0.0,0.7533565713444635,1.3223702588928263,-0.07447772096819744,1.8272755806843275,-0.14556311088436805
0.0,-2.273400785986401,0.0,0.7533565713444635,1.3223702588928263,-0.07447772096819744,1.8272755806843275,0.07961970734057301
0.0,-2.273400785986401,0.0,0.7533565713444635,1.3223702588928263,-0.07447772096819744,1.8272755806843275,-0.23338144315654533
0.0,-2.273400785986401,0.0,0.7533565713444635,1.3223702588928263,-0.07447772096819744,1.8272755806843275,-0.16820995558068405
0.0,-2.273400785986401,0.0,0.7533565713444635,1.3223702588928263,-0.07447772096819744,1.8272755806843275,-0.2100423368319577
0.0,-2.273400785986401,0.0,0.7533565713444635,1.3223702588928263,-0.07447772096819744,1.8272755806843275,-0.23615048966963198
0.0,-2.273400785986401,0.0,0.7533565713444635,1.3223702588928263,-0.07447772096819744,1.8272755806843275,-0.1787916690414081
0.0,-2.273400785986401,0.0,0.7533565713444635,1.3223702588928263,-0.07447772096819744,1.8272755806843275,-0.2007462521094524
0.0,-2.273400785986401,0.0,0.7533565713444635,1.3223702588928263,-0.07447772096819744,1.8272755806843275,0.5904098944867392
0.0,-2.273400785986401,0.0,0.7533565713444635,1.3223702588928263,-0.07447772096819744,1.8272755806843275,-0.2304146076068096
0.0,-2.273400785986401,0.0,0.7533565713444635,1.3223702588928263,-0.07447772096819744,1.8272755806843275,-0.23456817737643962
0.0,-2.273400785986401,0.0,0.7533565713444635,1.3223702588928263,-0.07447772096819744,1.8272755806843275,0.42228921333504854
0.0,-2.273400785986401,0.0,0.7533565713444635,1.3223702588928263,-0.07447772096819744,1.8272755806843275,-0.2106357039419048
0.0,-2.273400785986401,0.0,0.7533565713444635,1.3223702588928263,-0.07447772096819744,1.8272755806843275,-0.15129899294719043
0.0,-2.273400785986401,0.0,0.7533565713444635,1.3223702588928263,-0.07447772096819744,1.8272755806843275,-0.16910000624560476
0.0,-2.273400785986401,0.0,0.7533565713444635,1.3223702588928263,-0.07447772096819744,1.8272755806843275,-0.05240447462266648
0.0,-2.273400785986401,0.0,0.7533565713444635,1.3223702588928263,-0.07447772096819744,1.8272755806843275,-0.18096734844454762
0.0,-2.273400785986401,0.0,0.7533565713444635,1.3223702588928263,-0.07447772096819744,0.8827337187957167,-0.18096734844454762
0.0,-2.273400785986401,0.0,0.7533565713444635,1.3223702588928263,-0.07447772096819744,0.8827337187957167,0.1750529175237386
0.0,-2.273400785986401,0.0,0.7533565713444635,1.3223702588928263,-0.07447772096819744,0.8827337187957167,0.1750529175237386
0.0,-2.273400785986401,0.0,0.7533565713444635,1.3223702588928263,-0.07447772096819744,0.8827337187957167,-0.22052515577435722
0.0,-2.273400785986401,0.0,0.7533565713444635,1.3223702588928263,-0.07447772096819744,0.8827337187957167,0.2245001766860006
0.0,-2.273400785986401,0.0,0.7533565713444635,1.3223702588928263,-0.07447772096819744,1.4085913835790433,-0.18096734844454762
0.0,-2.273400785986401,0.0,0.7533565713444635,1.3223702588928263,-0.07447772096819744,1.4085913835790433,-0.15426582849692616
0.0,-2.273400785986401,0.0,0.7533565713444635,1.3223702588928263,-0.07447772096819744,1.4085913835790433,-0.21736053118797244
0.0,-2.273400785986401,0.0,0.7533565713444635,1.3223702588928263,-0.07447772096819744,1.5369412306350978,-0.17107789661209524
0.0,-2.273400785986401,0.0,0.7533565713444635,1.3223702588928263,-0.07447772096819744,1.1420165544837961,-0.17107789661209524
0.0,-2.273400785986401,0.0,0.7533565713444635,1.3223702588928263,-0.07447772096819744,1.2130529478229959,-0.17107789661209524
0.0,-2.273400785986401,0.0,0.7533565713444635,1.3223702588928263,-0.07447772096819744,1.2130529478229959,-0.2106357039419048
0.0,-2.273400785986401,0.0,0.7533565713444635,1.3223702588928263,-0.07447772096819744,1.2130529478229959,-0.19085680027700003
0.0,-2.273400785986401,0.0,0.7533565713444635,1.3223702588928263,-0.07447772096819744,0.6668799508536484,-0.19085680027700003
0.0,-2.273400785986401,0.0,0.7533565713444635,1.3223702588928263,-0.07447772096819744,-1.0903290139253083,-0.19085680027700003
0.0,-2.273400785986401,0.0,0.7533565713444635,1.3223702588928263,-0.07447772096819744,-1.0903290139253083,-0.2106357039419048
0.0,-2.273400785986401,0.0,0.7533565713444635,1.3223702588928263,-0.07447772096819744,-1.0903290139253083,-0.23624938418795652
0.0,-2.273400785986401,0.0,0.7533565713444635,1.3223702588928263,-0.07447772096819744,-1.0903290139253083,-0.05240447462266648
0.0,-2.273400785986401,0.0,0.7533565713444635,1.3223702588928263,-0.07447772096819744,-1.0903290139253083,0.3199333868691662
0.0,-2.273400785986401,0.0,0.7533565713444635,1.3223702588928263,-0.07447772096819744,-1.0903290139253083,0.4618470206648581
0.0,-2.273400785986401,0.0,0.7533565713444635,1.3223702588928263,-0.07447772096819744,-1.0903290139253083,-0.19085680027700003
0.0,-2.273400785986401,0.0,0.7533565713444635,1.3223702588928263,-0.07447772096819744,-1.0903290139253083,-0.2106357039419048
0.0,-2.273400785986401,0.0,0.7533565713444635,1.3223702588928263,-0.07447772096819744,-1.0903290139253083,0.17722859692687815
0.0,-2.273400785986401,0.0,0.7533565713444635,1.3223702588928263,-0.07447772096819744,-1.0903290139253083,-0.23832616907277152
0.0,-2.273400785986401,0.0,0.7533565713444635,1.3223702588928263,-0.07447772096819744,-1.0903290139253083,0.1750529175237386
0.0,-2.273400785986401,0.0,0.7533565713444635,1.3223702588928263,-0.07447772096819744,-1.0903290139253083,0.6794149609788108
0.0,-2.273400785986401,0.0,0.7533565713444635,1.3223702588928263,-0.07447772096819744,-1.0903290139253083,-0.23555712255968483
0.0,-2.273400785986401,0.0,0.7533565713444635,1.3223702588928263,-0.07447772096819744,-1.0903290139253083,-0.17107789661209524
0.0,-2.273400785986401,0.0,0.7533565713444635,1.3223702588928263,-0.07447772096819744,-1.0903290139253083,-0.012846667292856898
0.0,-2.273400785986401,0.0,0.7533565713444635,1.3223702588928263,-0.07447772096819744,-1.0903290139253083,-0.012846667292856898
0.0,-2.273400785986401,0.0,0.7533565713444635,1.3223702588928263,-0.07447772096819744,-1.0903290139253083,-0.24000737588428842
0.0,-2.273400785986401,0.0,-0.2623947925497896,1.3223702588928263,-0.07447772096819744,-1.0903290139253083,0.13964867996355906
0.0,-2.273400785986401,0.0,-0.2623947925497896,1.3223702588928263,-0.07447772096819744,-1.0903290139253083,0.5904098944867392
0.0,-2.273400785986401,0.0,-0.2623947925497896,1.3223702588928263,-0.07447772096819744,-1.0903290139253083,-0.22052515577435722
0.0,-2.273400785986401,0.0,-0.2623947925497896,1.3223702588928263,-0.07447772096819744,-1.0903290139253083,-0.23684275129790364
0.0,-2.273400785986401,0.0,-0.2623947925497896,1.3223702588928263,-0.07447772096819744,-1.0903290139253083,-0.18096734844454762
0.0,-2.273400785986401,0.0,-0.2623947925497896,1.3223702588928263,-0.07447772096819744,0.2722512596745933,-0.18096734844454762
0.0,-2.273400785986401,0.0,-0.2623947925497896,1.3223702588928263,-0.07447772096819744,0.2722512596745933,0.16516346569128623
0.0,-2.273400785986401,0.0,-0.2623947925497896,1.3223702588928263,-0.07447772096819744,0.20880284471480817,0.16516346569128623
0.0,-2.273400785986401,0.0,-0.2623947925497896,1.3223702588928263,-0.07447772096819744,0.20880284471480817,0.16516346569128623
0.0,-2.273400785986401,0.0,-0.2623947925497896,1.3223702588928263,-0.07447772096819744,0.20880284471480817,-0.2007462521094524
0.0,-2.273400785986401,0.0,-0.2623947925497896,1.3223702588928263,-0.07447772096819744,0.20880284471480817,0.19483182118864342
0.0,-2.273400785986401,0.0,-0.2623947925497896,1.3223702588928263,-0.07447772096819744,-1.3775958833530726,0.19483182118864342
0.0,-2.273400785986401,0.0,-0.2623947925497896,1.3223702588928263,-0.07447772096819744,-1.3775958833530726,-0.18096734844454762
0.0,-2.273400785986401,0.0,-0.2623947925497896,1.3223702588928263,-0.07447772096819744,0.8131503425930006,-0.18096734844454762
0.0,-2.273400785986401,0.0,0.8551179376853625,1.3223702588928263,-0.07447772096819744,0.8131503425930006,-0.23852395810942056
0.0,-2.273400785986401,0.0,0.8551179376853625,1.3223702588928263,-0.07447772096819744,0.8131503425930006,-0.23852395810942056
0.0,-2.273400785986401,0.0,0.5288164584249377,1.3223702588928263,-0.07447772096819744,0.8131503425930006,-0.23575491159633388
0.0,-2.273400785986401,0.0,0.4902402541911329,1.3223702588928263,-0.07447772096819744,0.8131503425930006,-0.23951290329266584
0.0,-2.273400785986401,0.0,0.4902402541911329,1.3223702588928263,-0.07447772096819744,0.8131503425930006,-0.23249139249162462
0.0,-2.273400785986401,0.0,0.4902402541911329,1.3223702588928263,-0.07447772096819744,0.8131503425930006,0.16516346569128623
0.0,-2.273400785986401,0.0,0.4902402541911329,1.3223702588928263,-0.07447772096819744,0.8131503425930006,-0.16118844477964284
0.0,-2.273400785986401,0.0,0.4902402541911329,1.3223702588928263,-0.07447772096819744,-0.24784815201229815,-0.16118844477964284
0.0,-2.273400785986401,0.0,0.4902402541911329,1.3223702588928263,-0.07447772096819744,-0.24784815201229815,-0.12163063744983325
0.0,-2.273400785986401,0.0,-0.07536671271279147,1.3223702588928263,-0.07447772096819744,-0.24784815201229815,-0.23456817737643962
0.0,-2.273400785986401,0.0,-0.07536671271279147,1.3223702588928263,-0.07447772096819744,-0.24784815201229815,0.4123997615025961
0.0,-2.273400785986401,0.0,-0.07536671271279147,1.3223702588928263,-0.07447772096819744,-0.24784815201229815,-0.23555712255968483
0.0,-2.273400785986401,0.0,-0.07536671271279147,1.3223702588928263,-0.07447772096819744,-0.24784815201229815,-0.2304146076068096
0.0,-2.273400785986401,0.0,-0.07536671271279147,1.3223702588928263,-0.07447772096819744,-0.24784815201229815,-0.19085680027700003
0.0,0.24501435883964717,0.0,-0.07536671271279147,1.3223702588928263,-0.07447772096819744,-0.24784815201229815,0.45878129059679784
0.0,0.24501435883964717,0.0,-0.2592022790959577,1.3223702588928263,-0.07447772096819744,-0.24784815201229815,-0.23980958684763937
0.0,0.24501435883964717,0.0,-0.18564144826390921,1.3223702588928263,-0.07447772096819744,-0.24784815201229815,-0.20054846307280338
0.0,0.24501435883964717,0.0,-0.688196274454649,1.3223702588928263,-0.07447772096819744,-0.24784815201229815,-0.20331750958589
0.0,0.24501435883964717,0.0,-0.688196274454649,1.3223702588928263,-0.07447772096819744,-0.24784815201229815,0.4420681169999533
0.0,0.24501435883964717,0.0,-0.688196274454649,1.3223702588928263,-0.07447772096819744,-0.24784815201229815,-0.18096734844454762
0.0,0.24501435883964717,0.0,-0.688196274454649,1.3223702588928263,-0.07447772096819744,0.6384653935179683,-0.18096734844454762
0.0,0.24501435883964717,0.0,-0.688196274454649,1.3223702588928263,-0.07447772096819744,0.6290207821308247,-0.18096734844454762
0.0,0.24501435883964717,0.0,-0.688196274454649,1.3223702588928263,-0.07447772096819744,0.6290207821308247,-0.18096734844454762
0.0,0.24501435883964717,0.0,-0.688196274454649,1.3223702588928263,-0.07447772096819744,0.6290207821308247,-0.22052515577435722
0.0,0.24501435883964717,0.0,-0.688196274454649,1.3223702588928263,-0.07447772096819744,0.6290207821308247,0.5211837316595724
0.0,0.24501435883964717,0.0,-0.688196274454649,1.3223702588928263,-0.07447772096819744,0.26202632426970857,0.5211837316595724
0.0,0.24501435883964717,0.0,-0.688196274454649,1.3223702588928263,-0.07447772096819744,0.26202632426970857,0.2245001766860006
0.0,0.24501435883964717,0.0,-0.688196274454649,1.3223702588928263,-0.07447772096819744,0.26202632426970857,-0.2308101856801077
0.0,0.24501435883964717,0.0,-0.688196274454649,1.3223702588928263,-0.07447772096819744,0.26202632426970857,-0.19085680027700003
0.0,0.24501435883964717,0.0,-0.688196274454649,1.3223702588928263,-0.07447772096819744,-0.47182805282877527,-0.19085680027700003
0.0,0.24501435883964717,0.0,-0.688196274454649,1.3223702588928263,-0.07447772096819744,-0.47182805282877527,0.18494236935619102
0.0,0.24501435883964717,0.0,-0.688196274454649,1.3223702588928263,-0.07447772096819744,-0.47182805282877527,-0.2304146076068096
0.0,0.24501435883964717,0.0,-0.688196274454649,1.3223702588928263,-0.07447772096819744,-0.47182805282877527,-0.19085680027700003
0.0,0.24501435883964717,0.0,-0.688196274454649,1.3223702588928263,-0.07447772096819744,-0.47182805282877527,0.5706309908218344
0.0,0.24501435883964717,0.0,-0.688196274454649,1.3223702588928263,-0.07447772096819744,-0.47182805282877527,-0.240304059439262
0.0,0.24501435883964717,0.0,-0.688196274454649,1.3223702588928263,-0.07447772096819744,-0.5214458972672164,-0.240304059439262
0.0,0.24501435883964717,0.0,-0.688196274454649,1.3223702588928263,-0.07447772096819744,-0.5214458972672164,-0.18096734844454762
0.0,0.24501435883964717,0.0,-0.688196274454649,1.3223702588928263,-0.07447772096819744,-0.5214458972672164,-0.18096734844454762
0.0,0.24501435883964717,0.0,-0.28700375042307913,1.3223702588928263,-0.07447772096819744,-0.5214458972672164,-0.14477195473777185
0.0,0.24501435883964717,0.0,-0.28700375042307913,1.3223702588928263,-0.07447772096819744,-0.5214458972672164,-0.2106357039419048
0.0,0.24501435883964717,0.0,-0.28700375042307913,1.3223702588928263,-0.07447772096819744,-0.5214458972672164,-0.2106357039419048
0.0,0.24501435883964717,0.0,-0.28700375042307913,1.3223702588928263,-0.07447772096819744,-0.5214458972672164,-0.16118844477964284
0.0,0.24501435883964717,0.0,-0.28700375042307913,1.3223702588928263,-0.07447772096819744,-0.5214458972672164,-0.22052515577435722
0.0,0.24501435883964717,0.0,-0.28700375042307913,1.3223702588928263,-0.07447772096819744,-0.0999094813384645,-0.22052515577435722
0.0,0.24501435883964717,0.0,-0.28700375042307913,1.3223702588928263,-0.07447772096819744,-0.0999094813384645,-0.2106357039419048
0.0,0.24501435883964717,0.0,-0.28700375042307913,1.3223702588928263,-0.07447772096819744,-0.0999094813384645,-0.2007462521094524
0.0,0.24501435883964717,0.0,-0.28700375042307913,1.3223702588928263,-0.07447772096819744,-0.0999094813384645,0.06626894736676227
0.0,0.24501435883964717,0.0,-0.5668807632090284,1.3223702588928263,-0.07447772096819744,-0.0999094813384645,-0.2387217471460696
0.0,0.24501435883964717,0.0,-0.5668807632090284,1.3223702588928263,-0.07447772096819744,-0.0999094813384645,-0.19085680027700003
0.0,0.24501435883964717,0.0,-0.5668807632090284,1.3223702588928263,-0.07447772096819744,-0.0999094813384645,-0.240304059439262
0.0,0.24501435883964717,0.0,-0.5668807632090284,1.3223702588928263,-0.07447772096819744,-0.0999094813384645,-0.23644717322460557
0.0,0.24501435883964717,0.0,-0.5668807632090284,1.3223702588928263,-0.07447772096819744,-0.0999094813384645,-0.23980958684763937
0.0,0.24501435883964717,0.0,-0.5668807632090284,1.3223702588928263,-0.07447772096819744,-0.0999094813384645,-0.23980958684763937
0.0,0.24501435883964717,0.0,-0.5668807632090284,1.3223702588928263,-0.07447772096819744,-0.0999094813384645,-0.23367812671151889
0.0,0.24501435883964717,0.0,-0.5668807632090284,1.3223702588928263,-0.07447772096819744,-0.0999094813384645,-0.23278807604659815
0.0,0.24501435883964717,0.0,-0.5668807632090284,1.3223702588928263,-0.07447772096819744,-0.0999094813384645,-0.23130465827173033
0.0,0.24501435883964717,0.0,-0.5668807632090284,1.3223702588928263,-0.07447772096819744,-0.0999094813384645,-0.24000737588428842
0.0,0.24501435883964717,0.0,-0.5668807632090284,1.3223702588928263,-0.07447772096819744,-0.0999094813384645,0.5607415389893821
0.0,0.24501435883964717,0.0,-0.5668807632090284,1.3223702588928263,-0.07447772096819744,-0.0999094813384645,-0.23150244730837935
0.0,0.24501435883964717,0.0,-0.5668807632090284,1.3223702588928263,-0.07447772096819744,-0.0999094813384645,-0.240304059439262
0.0,0.24501435883964717,0.0,-0.46871097450369065,1.3223702588928263,-0.07447772096819744,-0.0999094813384645,-0.14763989576918307
0.0,0.24501435883964717,0.0,-0.46871097450369065,1.3223702588928263,-0.07447772096819744,-0.0999094813384645,-0.23506264996806223
0.0,0.24501435883964717,0.0,-0.46871097450369065,1.3223702588928263,-0.07447772096819744,-0.0999094813384645,-0.240304059439262
0.0,0.24501435883964717,0.0,-0.46871097450369065,1.3223702588928263,-0.07447772096819744,-0.0999094813384645,-0.1427940643712814
0.0,0.24501435883964717,0.0,-0.46871097450369065,1.3223702588928263,-0.07447772096819744,-0.0999094813384645,0.5077340771674372
0.0,0.24501435883964717,0.0,-0.46871097450369065,1.3223702588928263,-0.07447772096819744,-0.0999094813384645,-0.23130465827173033
0.0,0.24501435883964717,0.0,-0.330368724837632,1.3223702588928263,-0.07447772096819744,-0.0999094813384645,-0.240304059439262
0.0,0.24501435883964717,0.0,-0.330368724837632,1.3223702588928263,-0.07447772096819744,-0.0999094813384645,0.6101887981516441
0.0,0.24501435883964717,0.0,-0.330368724837632,1.3223702588928263,-0.07447772096819744,-0.0999094813384645,-0.23466707189476413
0.0,0.24501435883964717,0.0,-0.330368724837632,1.3223702588928263,-0.07447772096819744,-0.0999094813384645,-0.23506264996806223
0.0,0.24501435883964717,0.0,-0.330368724837632,1.3223702588928263,-0.07447772096819744,-0.0999094813384645,-0.19718604944976956
0.0,0.24501435883964717,0.0,-0.330368724837632,1.3223702588928263,-0.07447772096819744,-0.0999094813384645,-0.22052515577435722
0.0,0.24501435883964717,0.0,-0.330368724837632,1.3223702588928263,-0.07447772096819744,-0.2787651277496999,-0.22052515577435722
0.0,0.24501435883964717,0.0,-0.330368724837632,1.3223702588928263,-0.07447772096819744,-0.2787651277496999,0.4123997615025961
0.0,0.24501435883964717,0.0,-0.330368724837632,1.3223702588928263,-0.07447772096819744,-0.2787651277496999,-0.2106357039419048
0.0,0.24501435883964717,0.0,-0.330368724837632,1.3223702588928263,-0.07447772096819744,-0.2787651277496999,-0.2007462521094524
0.0,0.24501435883964717,0.0,-0.330368724837632,1.3223702588928263,-0.07447772096819744,-0.2787651277496999,0.13549511019392904
0.0,0.24501435883964717,0.0,-0.330368724837632,1.3223702588928263,-0.07447772096819744,-0.2787651277496999,0.234389628518453
0.0,0.24501435883964717,0.0,-0.330368724837632,1.3223702588928263,-0.07447772096819744,-0.2787651277496999,-0.2106357039419048
0.0,0.24501435883964717,0.0,-0.330368724837632,1.3223702588928263,-0.07447772096819744,-0.2787651277496999,-0.17107789661209524
0.0,0.24501435883964717,0.0,-0.330368724837632,1.3223702588928263,-0.07447772096819744,-0.2787651277496999,-0.19085680027700003
0.0,0.24501435883964717,0.0,-0.330368724837632,1.3223702588928263,-0.07447772096819744,-0.2787651277496999,-0.22052515577435722
0.0,0.24501435883964717,0.0,-0.330368724837632,1.3223702588928263,-0.07447772096819744,-0.2787651277496999,0.2047212730210958
0.0,0.24501435883964717,0.0,-0.330368724837632,1.3223702588928263,-0.07447772096819744,-0.2787651277496999,-0.16118844477964284
0.0,0.24501435883964717,0.0,-0.330368724837632,1.3223702588928263,-0.07447772096819744,-0.2787651277496999,-0.15129899294719043
0.0,0.24501435883964717,0.0,-0.330368724837632,1.3223702588928263,-0.07447772096819744,-0.2787651277496999,-0.2378316964811489
0.0,0.24501435883964717,0.0,-0.330368724837632,1.3223702588928263,-0.07447772096819744,-0.2787651277496999,-0.23071129116178318
0.0,0.24501435883964717,0.0,-0.330368724837632,1.3223702588928263,-0.07447772096819744,-0.2787651277496999,-0.23476596641308867
0.0,0.24501435883964717,0.0,-0.330368724837632,1.3223702588928263,-0.07447772096819744,-0.2787651277496999,-0.15139788746551497
0.0,0.24501435883964717,0.0,-0.330368724837632,1.3223702588928263,-0.07447772096819744,-0.2787651277496999,-0.23921621973769225
0.0,0.24501435883964717,0.0,-0.330368724837632,1.3223702588928263,-0.07447772096819744,-0.2787651277496999,-0.240304059439262
0.0,0.24501435883964717,0.0,-0.330368724837632,1.3223702588928263,-0.07447772096819744,-0.2787651277496999,-0.2007462521094524
0.0,0.24501435883964717,0.0,-0.330368724837632,1.3223702588928263,-0.07447772096819744,-0.2787651277496999,-0.2317002363450284
0.0,0.24501435883964717,0.0,-0.330368724837632,1.3223702588928263,-0.07447772096819744,-0.2787651277496999,-0.23466707189476413
0.0,0.24501435883964717,0.0,-0.330368724837632,1.3223702588928263,-0.07447772096819744,-0.2787651277496999,-0.240304059439262
0.0,0.24501435883964717,0.0,-0.330368724837632,1.3223702588928263,-0.07447772096819744,-0.2787651277496999,-0.240304059439262
0.0,0.24501435883964717,0.0,-0.330368724837632,1.3223702588928263,-0.07447772096819744,-0.2787651277496999,0.6101887981516441
0.0,0.24501435883964717,0.0,-0.330368724837632,1.3223702588928263,-0.07447772096819744,-0.2787651277496999,0.6991938646437156
0.0,0.24501435883964717,0.0,-0.330368724837632,1.3223702588928263,-0.07447772096819744,-0.2787651277496999,0.7189727683086203
0.0,0.24501435883964717,0.0,-0.330368724837632,1.3223702588928263,-0.07447772096819744,-0.2787651277496999,-0.2007462521094524
0.0,0.24501435883964717,0.0,-0.330368724837632,1.3223702588928263,-0.07447772096819744,-0.2787651277496999,-0.240304059439262
0.0,0.24501435883964717,0.0,-0.330368724837632,1.3223702588928263,-0.07447772096819744,-0.2787651277496999,-0.2304146076068096
0.0,0.24501435883964717,0.0,-0.330368724837632,1.3223702588928263,-0.07447772096819744,-0.2787651277496999,0.40251030967014373
0.0,0.24501435883964717,0.0,-0.330368724837632,1.3223702588928263,-0.07447772096819744,-0.2787651277496999,-0.2106357039419048
0.0,0.24501435883964717,0.0,-0.330368724837632,1.3223702588928263,-0.07447772096819744,-0.2787651277496999,-0.240304059439262
0.0,0.24501435883964717,0.0,-0.330368724837632,1.3223702588928263,-0.07447772096819744,-0.2787651277496999,0.08604785103166705
0.0,0.24501435883964717,0.0,-0.330368724837632,1.3223702588928263,-0.07447772096819744,-0.2787651277496999,-0.012846667292856898
0.0,0.24501435883964717,0.0,-0.330368724837632,1.3223702588928263,-0.07447772096819744,-1.1608003450447646,-0.012846667292856898
0.0,0.24501435883964717,0.0,-0.330368724837632,1.3223702588928263,-0.07447772096819744,-1.1608003450447646,-0.22052515577435722
0.0,0.24501435883964717,0.0,-0.330368724837632,1.3223702588928263,-0.07447772096819744,-1.1608003450447646,0.4618470206648581
0.0,0.24501435883964717,0.0,-0.330368724837632,1.3223702588928263,-0.07447772096819744,-1.1608003450447646,-0.240304059439262
0.0,0.24501435883964717,0.0,-0.330368724837632,1.3223702588928263,-0.07447772096819744,-1.1608003450447646,-0.20549318898902957
0.0,0.24501435883964717,0.0,-0.330368724837632,1.3223702588928263,-0.07447772096819744,-1.1608003450447646,-0.15129899294719043
0.0,0.24501435883964717,0.0,-0.330368724837632,1.3223702588928263,-0.8267583600529851,-1.1608003450447646,-0.15129899294719043
0.0,0.24501435883964717,0.0,-0.330368724837632,1.3223702588928263,-0.8267583600529851,-1.1608003450447646,-0.240304059439262
0.0,0.24501435883964717,0.0,-0.330368724837632,1.3223702588928263,-0.8267583600529851,-1.1608003450447646,-0.2007462521094524
0.0,0.24501435883964717,0.0,-0.330368724837632,1.3223702588928263,-0.8267583600529851,-1.1608003450447646,-0.16118844477964284
0.0,0.24501435883964717,0.0,-0.330368724837632,1.3223702588928263,-0.8267583600529851,-1.1608003450447646,-0.23674385677957915
0.0,0.24501435883964717,0.0,-0.330368724837632,1.3223702588928263,-0.8267583600529851,-1.1608003450447646,-0.23219470893665103
0.0,0.24501435883964717,0.0,-0.330368724837632,-0.7562178544738777,-0.8267583600529851,-1.1608003450447646,0.19483182118864342
0.0,0.24501435883964717,0.0,-0.330368724837632,-0.7562178544738777,-0.8267583600529851,-1.0012644450038115,0.19483182118864342
0.0,0.24501435883964717,0.0,-0.330368724837632,-0.7562178544738777,-0.8267583600529851,-0.4290985859262566,0.19483182118864342
0.0,0.24501435883964717,0.0,-0.330368724837632,-0.7562178544738777,-3.63456637917226,-0.4290985859262566,0.19483182118864342
0.0,0.24501435883964717,0.0,-0.330368724837632,-0.7562178544738777,-3.083600277307346,-0.4290985859262566,0.19483182118864342
0.0,0.24501435883964717,0.0,-0.330368724837632,-0.7562178544738777,-3.083600277307346,-0.554676937333092,0.19483182118864342
0.0,0.24501435883964717,0.0,-0.330368724837632,-0.7562178544738777,-3.083600277307346,-0.554676937333092,-0.240304059439262
0.0,0.24501435883964717,0.0,-0.330368724837632,-0.7562178544738777,-3.083600277307346,-0.554676937333092,-0.240304059439262
0.0,0.24501435883964717,0.0,-0.330368724837632,-0.7562178544738777,-3.083600277307346,-0.554676937333092,-0.240304059439262
0.0,0.24501435883964717,0.0,-0.330368724837632,-0.7562178544738777,-3.083600277307346,-0.554676937333092,-0.23961179781099032
0.0,0.24501435883964717,0.0,-0.330368724837632,-0.7562178544738777,-3.083600277307346,-0.554676937333092,0.7189727683086203
0.0,0.24501435883964717,0.0,-0.330368724837632,-0.7562178544738777,-3.083600277307346,-0.554676937333092,-0.16118844477964284
0.0,0.24501435883964717,0.0,-0.330368724837632,-0.7562178544738777,-3.083600277307346,-0.6783717480074487,-0.16118844477964284
0.0,0.24501435883964717,0.0,-0.330368724837632,-0.7562178544738777,-3.083600277307346,-0.6783717480074487,-0.2304146076068096
0.0,0.24501435883964717,0.0,-0.330368724837632,-0.7562178544738777,-3.083600277307346,-0.6783717480074487,-0.03262557095776169
0.0,0.24501435883964717,0.0,-0.330368724837632,-0.7562178544738777,-3.083600277307346,-0.6783717480074487,-0.23298586508324726
0.0,0.24501435883964717,0.0,-0.330368724837632,-0.7562178544738777,-2.9034767440053533,-0.6783717480074487,-0.2304146076068096
0.0,0.24501435883964717,0.0,-0.330368724837632,-0.7562178544738777,-2.9034767440053533,-0.6783717480074487,0.5904098944867392
0.0,0.24501435883964717,0.0,-0.330368724837632,-0.7562178544738777,-2.9034767440053533,-0.6783717480074487,-0.23506264996806223
0.0,0.24501435883964717,0.0,-0.330368724837632,-0.7562178544738777,-2.9034767440053533,-0.6783717480074487,-0.15129899294719043
0.0,0.24501435883964717,0.0,-0.330368724837632,-0.7562178544738777,-2.9034767440053533,-0.6783717480074487,-0.2304146076068096
0.0,0.24501435883964717,0.0,-0.330368724837632,-0.7562178544738777,-2.9034767440053533,-0.6783717480074487,-0.16118844477964284
0.0,0.24501435883964717,0.0,-0.330368724837632,-0.7562178544738777,-2.9034767440053533,-0.2437581778503443,-0.16118844477964284
0.0,0.24501435883964717,0.0,-0.330368724837632,-0.7562178544738777,-2.9034767440053533,-0.2437581778503443,-0.09196228195247606
0.0,0.24501435883964717,0.0,-0.330368724837632,-0.7562178544738777,-2.9034767440053533,-0.25543613039171265,-0.09196228195247606
0.0,0.24501435883964717,0.0,-0.330368724837632,-0.7562178544738777,-2.9034767440053533,-1.2892309152750678,-0.09196228195247606
0.0,0.24501435883964717,0.0,-0.330368724837632,-0.7562178544738777,-2.9034767440053533,-1.2892309152750678,-0.15129899294719043
0.0,0.24501435883964717,0.0,-0.330368724837632,-0.7562178544738777,-2.9034767440053533,-0.4270266911205298,-0.15129899294719043
0.0,0.24501435883964717,0.0,-0.330368724837632,-0.7562178544738777,-2.9034767440053533,-0.5074000649478745,-0.15129899294719043
0.0,0.24501435883964717,0.0,-0.330368724837632,-0.7562178544738777,-2.9034767440053533,-0.5074000649478745,0.10582675469657185
0.0,0.24501435883964717,0.0,-0.330368724837632,-0.7562178544738777,-2.9034767440053533,-0.5074000649478745,-0.23219470893665103
0.0,0.24501435883964717,0.0,-0.330368724837632,-0.7562178544738777,-2.9034767440053533,-0.7025348848326766,-0.23219470893665103
0.0,0.24501435883964717,0.0,-0.330368724837632,-0.7562178544738777,-2.9034767440053533,-0.7025348848326766,-0.22052515577435722
0.0,0.24501435883964717,0.0,-0.330368724837632,-0.7562178544738777,-2.9034767440053533,-0.7025348848326766,-0.16118844477964284
0.0,0.24501435883964717,0.0,-0.330368724837632,-0.7562178544738777,-1.1552189207801442,-0.7025348848326766,-0.19085680027700003
0.0,0.24501435883964717,0.0,-0.330368724837632,-0.7562178544738777,-1.1552189207801442,-0.7025348848326766,-0.0029572154604045023
0.0,0.24501435883964717,0.0,-0.330368724837632,-0.7562178544738777,3.8458580038398456,-0.7025348848326766,-0.19085680027700003
0.0,0.24501435883964717,0.0,-0.330368724837632,-0.7562178544738777,3.8458580038398456,-0.7025348848326766,0.18494236935619102
0.0,0.24501435883964717,0.0,-0.330368724837632,-0.7562178544738777,3.8458580038398456,-0.7025348848326766,-0.23773280196282437
0.0,0.24501435883964717,0.0,-0.330368724837632,-0.7562178544738777,3.8458580038398456,-0.7025348848326766,-0.23150244730837935
0.0,0.24501435883964717,0.0,-0.330368724837632,-0.7562178544738777,3.8458580038398456,-0.7025348848326766,-0.23773280196282437
0.0,0.24501435883964717,0.0,-0.330368724837632,-0.7562178544738777,0.20100532996425946,-0.7025348848326766,-0.17107789661209524
0.0,0.24501435883964717,0.0,-0.330368724837632,-0.7562178544738777,0.20100532996425946,-0.7025348848326766,-0.23348033767486984
0.0,0.24501435883964717,0.0,-0.330368724837632,-0.7562178544738777,0.20100532996425946,-0.7025348848326766,-0.240304059439262
0.0,0.24501435883964717,0.0,-0.330368724837632,-0.7562178544738777,0.20100532996425946,-0.7025348848326766,-0.2365460677429301
0.0,0.24501435883964717,0.0,-0.330368724837632,-0.7562178544738777,0.20100532996425946,-0.6677162890065688,-0.2365460677429301
0.0,0.24501435883964717,0.0,-0.330368724837632,-0.7562178544738777,0.20100532996425946,0.011892114996526027,-0.2365460677429301
0.0,0.24501435883964717,0.0,-0.330368724837632,-0.7562178544738777,0.20100532996425946,0.011892114996526027,0.16516346569128623
0.0,0.24501435883964717,0.0,-0.330368724837632,-0.7562178544738777,0.20100532996425946,0.011892114996526027,-0.22052515577435722
0.0,0.24501435883964717,0.0,-0.330368724837632,-0.7562178544738777,0.20100532996425946,0.011892114996526027,-0.22052515577435722
0.0,0.24501435883964717,0.0,-0.330368724837632,-0.7562178544738777,0.20100532996425946,0.011892114996526027,-0.2304146076068096
0.0,0.24501435883964717,0.0,-0.330368724837632,-0.7562178544738777,0.20100532996425946,0.011892114996526027,-0.2106357039419048
0.0,0.24501435883964717,0.0,1.6859695640451722,-0.7562178544738777,0.20100532996425946,0.011892114996526027,-0.2308101856801077
0.0,0.24501435883964717,0.0,1.6859695640451722,-0.7562178544738777,0.20100532996425946,0.011892114996526027,-0.23209581441832652
0.0,0.24501435883964717,0.0,1.6859695640451722,-0.7562178544738777,0.20100532996425946,0.17110512234048283,-0.23209581441832652
0.0,0.24501435883964717,0.0,1.6859695640451722,-0.7562178544738777,0.20100532996425946,0.17110512234048283,0.5014048279946677
0.0,0.24501435883964717,0.0,1.6859695640451722,-0.7562178544738777,0.20100532996425946,0.17110512234048283,-0.2332825486382208
0.0,0.24501435883964717,0.0,1.6859695640451722,-0.7562178544738777,0.20100532996425946,0.17110512234048283,0.07615839919921466
0.0,0.24501435883964717,0.0,1.6859695640451722,-0.7562178544738777,0.20100532996425946,0.17110512234048283,0.1750529175237386
0.0,0.24501435883964717,0.0,1.6859695640451722,-0.7562178544738777,0.20100532996425946,0.17110512234048283,-0.22052515577435722
0.0,0.24501435883964717,0.0,1.6859695640451722,-0.7562178544738777,0.20100532996425946,0.17110512234048283,-0.19085680027700003
0.0,0.24501435883964717,0.0,1.6859695640451722,-0.7562178544738777,0.20100532996425946,0.17110512234048283,-0.22052515577435722
0.0,0.24501435883964717,0.0,1.6859695640451722,-0.7562178544738777,0.20100532996425946,0.17110512234048283,-0.0029572154604045023
0.0,0.24501435883964717,0.0,1.6859695640451722,-0.7562178544738777,0.20100532996425946,0.17110512234048283,-0.22052515577435722
0.0,0.24501435883964717,0.0,1.6859695640451722,-0.7562178544738777,0.20100532996425946,0.17110512234048283,-0.23585380611465842
0.0,0.5525436009471181,0.0,1.6859695640451722,-0.7562178544738777,0.20100532996425946,0.17110512234048283,0.7440919759630495
0.0,0.5525436009471181,0.0,1.6859695640451722,-0.7562178544738777,0.20100532996425946,0.17110512234048283,-0.23634827870628106
0.0,0.5525436009471181,0.0,1.6859695640451722,-0.7562178544738777,0.20100532996425946,0.17110512234048283,0.709083316476168
0.0,0.5525436009471181,0.0,1.6859695640451722,-0.7562178544738777,0.20100532996425946,0.17110512234048283,-0.16118844477964284
0.0,0.5525436009471181,0.0,1.6859695640451722,-0.7562178544738777,0.20100532996425946,0.17110512234048283,-0.23298586508324726
0.0,0.5525436009471181,0.0,1.6859695640451722,-0.7562178544738777,0.20100532996425946,0.17110512234048283,-0.23931511425601676
0.0,0.5525436009471181,0.0,1.6859695640451722,-0.7562178544738777,0.20100532996425946,0.17110512234048283,-0.23694164581622817
0.0,0.5525436009471181,0.0,1.6859695640451722,-0.7562178544738777,0.20100532996425946,0.17110512234048283,-0.23694164581622817
0.0,0.5525436009471181,0.0,1.6859695640451722,-0.7562178544738777,0.20100532996425946,0.19951967967616263,-0.23694164581622817
0.0,0.5525436009471181,0.0,1.6859695640451722,-0.7562178544738777,0.20100532996425946,0.19951967967616263,-0.18096734844454762
0.0,0.5525436009471181,0.0,1.6859695640451722,-0.7562178544738777,0.20100532996425946,0.19951967967616263,-0.23130465827173033
0.0,0.5525436009471181,0.0,1.6859695640451722,-0.7562178544738777,0.20100532996425946,0.19951967967616263,0.6002993463191917
0.0,0.5525436009471181,0.0,1.6859695640451722,-0.7562178544738777,0.20100532996425946,0.19951967967616263,-0.23644717322460557
0.0,0.5525436009471181,0.0,1.6859695640451722,-0.7562178544738777,0.20100532996425946,0.19951967967616263,-0.23615048966963198
0.0,0.5525436009471181,0.0,1.6859695640451722,-0.7562178544738777,0.20100532996425946,0.19951967967616263,-0.23555712255968483
0.0,0.5525436009471181,0.0,1.6859695640451722,-0.7562178544738777,0.20100532996425946,0.19951967967616263,0.31350524317807216
0.0,0.5525436009471181,0.0,1.6859695640451722,-0.7562178544738777,0.20100532996425946,0.19951967967616263,0.4618470206648581
0.0,0.5525436009471181,0.0,1.6859695640451722,-0.7562178544738777,0.20100532996425946,0.19951967967616263,0.2245001766860006
0.0,0.5525436009471181,0.0,1.6859695640451722,-0.7562178544738777,0.20100532996425946,1.2214481579449015,0.2245001766860006
0.0,0.5525436009471181,0.0,1.6859695640451722,-0.7562178544738777,0.20100532996425946,1.2214481579449015,-0.1899667496120793
0.0,0.5525436009471181,0.0,3.5792630635615295,-0.7562178544738777,0.20100532996425946,1.2214481579449015,0.2245001766860006
0.0,0.5525436009471181,0.0,3.5792630635615295,-0.7562178544738777,0.20100532996425946,1.2214481579449015,-0.240304059439262
0.0,0.5525436009471181,0.0,3.5792630635615295,-0.7562178544738777,0.20100532996425946,1.2214481579449015,0.4420681169999533
0.0,0.5525436009471181,0.0,3.5792630635615295,-0.7562178544738777,0.20100532996425946,1.2214481579449015,0.14538456202638145
0.0,0.5525436009471181,0.0,3.5792630635615295,-0.7562178544738777,0.20100532996425946,1.2214481579449015,-0.22052515577435722
0.0,0.5525436009471181,0.0,3.5792630635615295,-0.7562178544738777,0.20100532996425946,1.2214481579449015,-0.22052515577435722
0.0,0.5525436009471181,0.0,3.5792630635615295,-0.7562178544738777,0.20100532996425946,1.2214481579449015,-0.2304146076068096
0.0,0.5525436009471181,0.0,3.5792630635615295,-0.7562178544738777,0.20100532996425946,1.2214481579449015,-0.23624938418795652
0.0,0.5525436009471181,0.0,3.5792630635615295,-0.7562178544738777,0.20100532996425946,1.2214481579449015,-0.03262557095776169
0.0,0.5525436009471181,0.0,3.5792630635615295,-0.7562178544738777,0.20100532996425946,1.2214481579449015,-0.19085680027700003
0.0,0.5525436009471181,0.0,3.5792630635615295,-0.7562178544738777,0.20100532996425946,1.2214481579449015,-0.022736119125309293
0.0,0.5525436009471181,0.0,3.5792630635615295,-0.7562178544738777,0.20100532996425946,1.2214481579449015,-0.2007462521094524
0.0,0.5525436009471181,0.0,3.5792630635615295,-0.7562178544738777,0.20100532996425946,1.2214481579449015,0.5445228379841601
0.0,0.5525436009471181,0.0,3.5792630635615295,-0.7562178544738777,0.20100532996425946,1.2214481579449015,0.5445228379841601
0.0,0.5525436009471181,0.0,3.5792630635615295,-0.7562178544738777,0.20100532996425946,1.0585487923102364,0.5445228379841601
0.0,0.5525436009471181,0.0,3.5792630635615295,-0.7562178544738777,0.20100532996425946,1.0585487923102364,-0.1440796931095002
0.0,0.5525436009471181,0.0,3.5792630635615295,-0.7562178544738777,0.20100532996425946,1.0585487923102364,-0.2106357039419048
0.0,0.5525436009471181,0.0,3.5792630635615295,-0.7562178544738777,0.20100532996425946,1.0585487923102364,-0.19085680027700003
0.0,0.5525436009471181,0.0,3.5792630635615295,-0.7562178544738777,0.20100532996425946,1.0585487923102364,-0.12163063744983325
0.0,0.5525436009471181,0.0,-0.25175308103701605,-0.7562178544738777,0.20100532996425946,1.0585487923102364,-0.23100797471675674
0.0,0.5525436009471181,0.0,-0.25175308103701605,-0.7562178544738777,0.20100532996425946,1.0585487923102364,-0.23713943485287722
0.0,0.5525436009471181,0.0,-0.7656147257100778,-0.7562178544738777,0.20100532996425946,1.0585487923102364,-0.23308475960157174
0.0,0.5525436009471181,0.0,-0.7656147257100778,-0.7562178544738777,0.20100532996425946,1.0585487923102364,-0.234073704784817
0.0,0.5525436009471181,0.0,-0.7656147257100778,-0.7562178544738777,0.20100532996425946,1.0585487923102364,0.5805204426542868
0.0,0.5525436009471181,0.0,-0.7656147257100778,-0.7562178544738777,0.20100532996425946,1.0585487923102364,-0.23071129116178318
0.0,0.5525436009471181,0.0,-0.7656147257100778,-0.7562178544738777,0.20100532996425946,1.0585487923102364,0.006932236372047893
0.0,0.5525436009471181,0.0,-0.7656147257100778,-0.7562178544738777,0.20100532996425946,0.6224552972918989,0.006932236372047893
0.0,0.5525436009471181,0.0,-0.7656147257100778,-0.7562178544738777,0.20100532996425946,0.6224552972918989,-0.2007462521094524
0.0,0.5525436009471181,0.0,-0.7656147257100778,-0.7562178544738777,0.20100532996425946,0.6224552972918989,-0.20173519729269768
0.0,0.5525436009471181,0.0,-0.7656147257100778,-0.7562178544738777,0.20100532996425946,0.6224552972918989,-0.2106357039419048
0.0,0.5525436009471181,0.0,-0.7656147257100778,-0.7562178544738777,0.20100532996425946,0.6224552972918989,-0.19085680027700003
0.0,0.5525436009471181,0.0,-0.7656147257100778,-0.7562178544738777,0.20100532996425946,0.6224552972918989,-0.08207283012002367
0.0,0.5525436009471181,0.0,-0.7656147257100778,-0.7562178544738777,0.20100532996425946,0.40458344999360285,-0.08207283012002367
0.0,0.5525436009471181,0.0,-0.7656147257100778,-0.7562178544738777,0.20100532996425946,-1.2656597483943335,-0.08207283012002367
0.0,0.5525436009471181,0.0,-0.7656147257100778,-0.7562178544738777,0.20100532996425946,-1.2656597483943335,-0.17107789661209524
0.0,0.5525436009471181,0.0,-0.7656147257100778,-0.7562178544738777,0.20100532996425946,-1.2656597483943335,-0.16118844477964284
0.0,0.5525436009471181,0.0,-0.7656147257100778,-0.7562178544738777,0.20100532996425946,-1.2656597483943335,0.4915153761622153
0.0,0.5525436009471181,0.0,-0.7656147257100778,-0.7562178544738777,0.20100532996425946,-1.2656597483943335,-0.23061239664345864
0.0,0.5525436009471181,0.0,-0.7656147257100778,-0.7562178544738777,0.20100532996425946,-1.2656597483943335,0.5112942798271201
0.0,0.5525436009471181,0.0,-0.7656147257100778,-0.7562178544738777,0.20100532996425946,-1.2656597483943335,-0.19085680027700003
0.0,0.5525436009471181,0.0,-0.7656147257100778,-0.7562178544738777,0.20100532996425946,0.4063055443775834,-0.19085680027700003
0.0,0.5525436009471181,0.0,-0.7656147257100778,-0.7562178544738777,0.20100532996425946,-1.2059784148995056,-0.19085680027700003
0.0,0.5525436009471181,0.0,-0.7656147257100778,-0.7562178544738777,0.20100532996425946,-1.2059784148995056,-0.20430645476913528
0.0,0.5525436009471181,0.0,-0.7656147257100778,-0.7562178544738777,0.20100532996425946,-1.2059784148995056,0.48162592432976287
0.0,0.5525436009471181,0.0,-0.7656147257100778,-0.7562178544738777,0.20100532996425946,-1.2059784148995056,-0.23852395810942056
0.0,0.5525436009471181,0.0,-0.7656147257100778,-0.7562178544738777,0.20100532996425946,-1.2059784148995056,-0.22052515577435722
0.0,0.5525436009471181,0.0,-0.7656147257100778,-0.7562178544738777,0.20100532996425946,-1.2059784148995056,-0.18106624296287213
0.0,0.5525436009471181,0.0,-0.7656147257100778,-0.7562178544738777,0.20100532996425946,-1.2059784148995056,0.19483182118864342
0.0,0.5525436009471181,0.0,-0.7656147257100778,-0.7562178544738777,0.20100532996425946,0.7068648298316977,0.19483182118864342
0.0,0.5525436009471181,0.0,-0.7656147257100778,-0.7562178544738777,0.20100532996425946,0.7068648298316977,-0.23437038833979054
0.0,0.5525436009471181,0.0,-0.7656147257100778,-0.7562178544738777,0.20100532996425946,0.7068648298316977,-0.15347467235032997
0.0,0.5525436009471181,0.0,-0.7656147257100778,-0.7562178544738777,0.20100532996425946,1.0297037113785612,-0.15347467235032997
0.0,0.5525436009471181,0.0,-0.7656147257100778,-0.7562178544738777,0.20100532996425946,1.0297037113785612,0.6200782499840964
0.0,0.5525436009471181,0.0,-0.7656147257100778,-0.7562178544738777,0.20100532996425946,1.0297037113785612,0.12560565836147664
0.0,0.5525436009471181,0.0,-0.7656147257100778,-0.7562178544738777,0.20100532996425946,1.0297037113785612,-0.16118844477964284
0.0,0.5525436009471181,0.0,-0.7656147257100778,-0.7562178544738777,0.20100532996425946,1.220614018477661,-0.16118844477964284
0.0,0.5525436009471181,0.0,-0.7656147257100778,-0.7562178544738777,0.20100532996425946,1.220614018477661,0.39262085783769135
0.0,0.5525436009471181,0.0,-0.7656147257100778,-0.7562178544738777,0.20100532996425946,1.220614018477661,0.18494236935619102
0.0,0.5525436009471181,0.0,-0.7656147257100778,-0.7562178544738777,0.20100532996425946,0.9158033125130944,0.18494236935619102
0.0,0.5525436009471181,0.0,-0.7656147257100778,-0.7562178544738777,0.20100532996425946,0.9158033125130944,-0.0029572154604045023
0.0,0.5525436009471181,0.0,-0.7656147257100778,-0.7562178544738777,0.20100532996425946,0.9158033125130944,-0.11174118561738086
0.0,0.5525436009471181,0.0,-0.7656147257100778,-0.7562178544738777,0.20100532996425946,1.689777107213376,-0.15129899294719043
0.0,0.5525436009471181,0.0,-0.7656147257100778,-0.7562178544738777,0.20100532996425946,1.760275346057582,-0.2106357039419048
0.0,0.5525436009471181,0.0,-0.7656147257100778,-0.7562178544738777,0.20100532996425946,1.760275346057582,-0.23318365411989628
0.0,0.5525436009471181,0.0,-0.7656147257100778,-0.7562178544738777,0.20100532996425946,1.1239345634519997,-0.23318365411989628
0.0,0.5525436009471181,0.0,-0.7656147257100778,-0.7562178544738777,0.20100532996425946,1.1239345634519997,-0.23921621973769225
0.0,0.5525436009471181,0.0,-0.7656147257100778,-0.7562178544738777,0.20100532996425946,1.1239345634519997,-0.2390184307010432
0.0,0.5525436009471181,0.0,-0.7656147257100778,-0.7562178544738777,0.20100532996425946,1.1239345634519997,-0.1808684539262231
0.0,0.5525436009471181,0.0,-0.7656147257100778,-0.7562178544738777,0.20100532996425946,1.1239345634519997,0.5014048279946677
0.0,0.5525436009471181,0.0,-0.7656147257100778,-0.7562178544738777,0.20100532996425946,1.1239345634519997,-0.17107789661209524
0.0,0.5525436009471181,0.0,-0.7656147257100778,-0.7562178544738777,0.20100532996425946,1.1239345634519997,0.48162592432976287
0.0,0.5525436009471181,0.0,-0.7656147257100778,-0.7562178544738777,0.20100532996425946,1.1239345634519997,-0.23605159515130747
0.0,0.5525436009471181,0.0,-0.7656147257100778,-0.7562178544738777,0.20100532996425946,1.1239345634519997,-0.23496375544973772
0.0,0.5525436009471181,0.0,-0.7656147257100778,-0.7562178544738777,0.20100532996425946,1.1239345634519997,-0.2080644464654672
0.0,0.5525436009471181,0.0,-0.7656147257100778,-0.7562178544738777,0.20100532996425946,1.1239345634519997,-0.20984454779530864
0.0,0.5525436009471181,0.0,-0.7656147257100778,-0.7562178544738777,0.20100532996425946,1.1239345634519997,-0.20341640410421455
0.0,0.5525436009471181,0.0,-0.7656147257100778,-0.7562178544738777,0.20100532996425946,1.1239345634519997,-0.23634827870628106
0.0,0.5525436009471181,0.0,-0.7656147257100778,-0.7562178544738777,0.20100532996425946,1.1239345634519997,-0.17503367734507616
0.0,0.5525436009471181,0.0,-0.7656147257100778,-0.7562178544738777,0.20100532996425946,1.1239345634519997,-0.2295245569418889
0.0,0.5525436009471181,0.0,-0.7656147257100778,-0.7562178544738777,0.20100532996425946,1.1239345634519997,0.34317359867542935
0.0,0.5525436009471181,0.0,-0.7656147257100778,-0.7562178544738777,0.20100532996425946,1.1239345634519997,-0.10185173378492846
0.0,0.5525436009471181,0.0,-0.7656147257100778,-0.7562178544738777,0.20100532996425946,1.1239345634519997,-0.1452664273293945
0.0,0.5525436009471181,0.0,-0.7656147257100778,-0.7562178544738777,0.20100532996425946,1.2797033820279955,-0.15129899294719043
0.0,0.5525436009471181,0.0,-0.7656147257100778,-0.7562178544738777,0.20100532996425946,-1.2079426788062335,-0.15129899294719043
0.0,0.5525436009471181,0.0,-0.7656147257100778,-0.7562178544738777,0.20100532996425946,-1.2079426788062335,0.33328414684297697
0.0,0.5525436009471181,0.0,-0.7656147257100778,-0.7562178544738777,0.20100532996425946,-1.2079426788062335,-0.22655772139215316
0.0,0.5525436009471181,0.0,-0.7656147257100778,-0.7562178544738777,0.20100532996425946,-1.2079426788062335,0.42228921333504854
0.0,0.5525436009471181,0.0,-0.7656147257100778,-0.7562178544738777,0.20100532996425946,1.579724512987116,-0.15129899294719043
0.0,0.5525436009471181,0.0,-0.7656147257100778,-0.7562178544738777,0.20100532996425946,1.579724512987116,-0.23140355279005487
0.0,0.5525436009471181,0.0,-0.7656147257100778,-0.7562178544738777,0.20100532996425946,1.579724512987116,-0.20460313832410887
0.0,0.5525436009471181,0.0,-0.7656147257100778,-0.7562178544738777,0.20100532996425946,1.579724512987116,-0.23179913086335294
0.0,0.5525436009471181,0.0,-0.7656147257100778,-0.7562178544738777,0.20100532996425946,1.579724512987116,-0.23249139249162462
0.0,0.5525436009471181,0.0,-0.7656147257100778,-0.7562178544738777,0.20100532996425946,1.579724512987116,-0.23753501292617532
0.0,0.5525436009471181,0.0,-0.7656147257100778,-0.7562178544738777,0.20100532996425946,1.2399606725726928,-0.23753501292617532
0.0,0.5525436009471181,0.0,-0.7656147257100778,-0.7562178544738777,0.20100532996425946,1.2399606725726928,-0.2106357039419048
0.0,0.5525436009471181,0.0,-0.7656147257100778,-0.7562178544738777,0.20100532996425946,1.212622424227001,-0.2106357039419048
0.0,0.5525436009471181,0.0,-0.7656147257100778,-0.7562178544738777,0.20100532996425946,1.212622424227001,0.2640579840158102
0.0,0.5525436009471181,0.0,-0.7656147257100778,-0.7562178544738777,0.20100532996425946,1.212622424227001,0.31350524317807216
0.0,0.5525436009471181,0.0,-0.7656147257100778,-0.7562178544738777,0.20100532996425946,1.212622424227001,-0.2374361184078508
0.0,0.5525436009471181,0.0,-0.7656147257100778,-0.7562178544738777,0.20100532996425946,1.212622424227001,0.4123997615025961
0.0,0.5525436009471181,0.0,-0.7656147257100778,-0.7562178544738777,0.20100532996425946,1.212622424227001,0.18682136520435694
0.0,0.5525436009471181,0.0,-0.7656147257100778,-0.7562178544738777,0.20100532996425946,1.212622424227001,0.42228921333504854
0.0,0.5525436009471181,0.0,-0.7656147257100778,-0.7562178544738777,0.20100532996425946,1.212622424227001,0.527512980832342
0.0,0.5525436009471181,0.0,-0.7656147257100778,-0.7562178544738777,0.20100532996425946,1.212622424227001,-0.2267555104288022
0.0,0.5525436009471181,0.0,-0.7656147257100778,-0.7562178544738777,0.20100532996425946,1.212622424227001,-0.1437830095545266
0.0,0.5525436009471181,0.0,-0.7656147257100778,-0.7562178544738777,0.20100532996425946,1.212622424227001,-0.2020318808476712
0.0,0.5525436009471181,0.0,-0.7656147257100778,-0.7562178544738777,0.20100532996425946,1.8757094852337821,-0.18096734844454762
0.0,0.5525436009471181,0.0,-0.7656147257100778,-0.7562178544738777,0.20100532996425946,1.8757094852337821,0.12560565836147664
0.0,0.5525436009471181,0.0,-0.7656147257100778,-0.7562178544738777,0.20100532996425946,1.8757094852337821,-0.2018340918110222
0.0,0.5525436009471181,0.0,-0.7656147257100778,-0.7562178544738777,0.20100532996425946,1.8757094852337821,-0.23595270063298293
0.0,0.5525436009471181,0.0,0.7839514919436882,-0.7562178544738777,0.20100532996425946,1.8757094852337821,0.19947986354989602
0.0,0.5525436009471181,0.0,0.7839514919436882,-0.7562178544738777,0.20100532996425946,0.6604490046384706,0.19947986354989602
0.0,0.5525436009471181,0.0,0.7839514919436882,-0.7562178544738777,0.20100532996425946,0.6604490046384706,-0.12163063744983325
0.0,0.5525436009471181,0.0,0.7839514919436882,-0.7562178544738777,0.20100532996425946,1.0823083132642188,-0.12163063744983325
0.0,0.5525436009471181,0.0,0.7839514919436882,-0.7562178544738777,0.20100532996425946,1.0823083132642188,0.19483182118864342
0.0,0.5525436009471181,0.0,0.7839514919436882,-0.7562178544738777,0.20100532996425946,1.0823083132642188,0.5112942798271201
0.0,0.5525436009471181,0.0,0.7839514919436882,-0.7562178544738777,0.20100532996425946,1.0823083132642188,-0.08207283012002367
0.0,0.5525436009471181,0.0,0.7839514919436882,-0.7562178544738777,0.20100532996425946,1.0823083132642188,0.33328414684297697
0.0,0.5525436009471181,0.0,0.7839514919436882,-0.7562178544738777,0.20100532996425946,1.0823083132642188,-0.21320696141834242
0.0,0.5525436009471181,0.0,0.7839514919436882,-0.7562178544738777,0.20100532996425946,1.0823083132642188,-0.23980958684763937
0.0,0.5525436009471181,0.0,0.7839514919436882,-0.7562178544738777,0.20100532996425946,1.3219485098850194,-0.18096734844454762
0.0,0.5525436009471181,0.0,0.7839514919436882,-0.7562178544738777,0.20100532996425946,1.3219485098850194,0.37284195417278654
0.0,0.5525436009471181,0.0,0.7839514919436882,-0.7562178544738777,0.20100532996425946,0.9700223778837337,0.37284195417278654
0.0,0.5525436009471181,0.0,0.7839514919436882,-0.7562178544738777,0.20100532996425946,0.9700223778837337,-0.16118844477964284
0.0,0.5525436009471181,0.0,0.7839514919436882,-0.7562178544738777,0.20100532996425946,0.9700223778837337,-0.23229360345497557
0.0,0.5525436009471181,0.0,0.7839514919436882,-0.7562178544738777,0.20100532996425946,1.6526444470587944,-0.22052515577435722
0.0,0.5525436009471181,0.0,0.7839514919436882,-0.7562178544738777,0.20100532996425946,-1.268538874942551,-0.22052515577435722
0.0,0.5525436009471181,0.0,0.7839514919436882,-0.7562178544738777,0.20100532996425946,-1.268538874942551,0.2245001766860006
0.0,0.5525436009471181,0.0,-0.04370762096228928,-0.7562178544738777,0.20100532996425946,-1.268538874942551,3.827524162803382
0.0,0.5525436009471181,0.0,-0.04370762096228928,-0.7562178544738777,0.20100532996425946,-1.268538874942551,0.5056572922826222
0.0,0.5525436009471181,0.0,-0.04370762096228928,-0.7562178544738777,0.20100532996425946,-1.268538874942551,-0.18096734844454762
0.0,0.5525436009471181,0.0,-0.04370762096228928,-0.7562178544738777,0.20100532996425946,-1.268538874942551,0.709083316476168
0.0,0.5525436009471181,0.0,-0.04370762096228928,-0.7562178544738777,0.20100532996425946,-1.268538874942551,-0.2378316964811489
0.0,0.5525436009471181,0.0,-0.04370762096228928,-0.7562178544738777,0.20100532996425946,0.6944603687220877,-0.2378316964811489
0.0,0.5525436009471181,0.0,-0.04370762096228928,-0.7562178544738777,0.20100532996425946,0.9229607672965138,-0.2378316964811489
0.0,0.5525436009471181,0.0,-0.04370762096228928,-0.7562178544738777,0.20100532996425946,1.281856000007971,-0.17107789661209524
0.0,0.5525436009471181,0.0,-0.04370762096228928,-0.7562178544738777,0.20100532996425946,1.281856000007971,-0.16118844477964284
0.0,0.5525436009471181,0.0,-0.04370762096228928,-0.7562178544738777,0.20100532996425946,1.281856000007971,-0.1949114755283055
0.0,0.5525436009471181,0.0,-0.04370762096228928,-0.7562178544738777,0.20100532996425946,1.281856000007971,-0.23931511425601676
0.0,0.5525436009471181,0.0,-0.04370762096228928,-0.7562178544738777,0.20100532996425946,-1.2052788140560136,-0.23931511425601676
0.0,0.5525436009471181,0.0,-0.04370762096228928,-0.7562178544738777,0.20100532996425946,-1.2052788140560136,-0.18096734844454762
0.0,0.5525436009471181,0.0,-0.04370762096228928,-0.7562178544738777,0.20100532996425946,-1.2052788140560136,-0.13152008928228565
0.0,0.5525436009471181,0.0,-0.04370762096228928,-0.7562178544738777,0.20100532996425946,-1.2052788140560136,-0.2387217471460696
0.0,0.5525436009471181,0.0,-0.04370762096228928,-0.7562178544738777,0.20100532996425946,-1.2052788140560136,-0.17107789661209524
0.0,0.5525436009471181,0.0,-0.04370762096228928,-0.7562178544738777,0.20100532996425946,0.8932815468975981,-0.17107789661209524
0.0,0.5525436009471181,0.0,-0.04370762096228928,-0.7562178544738777,0.20100532996425946,0.8932815468975981,0.2739474358482626
0.0,0.5525436009471181,0.0,-0.04370762096228928,-0.7562178544738777,0.20100532996425946,0.9660400346207785,0.2739474358482626
0.0,0.5525436009471181,0.0,-0.04370762096228928,-0.7562178544738777,0.20100532996425946,1.0435880973494052,0.2739474358482626
0.0,0.5525436009471181,0.0,-0.04370762096228928,-0.7562178544738777,0.20100532996425946,1.0435880973494052,0.31350524317807216
0.0,0.5525436009471181,0.0,-0.04370762096228928,-0.7562178544738777,0.20100532996425946,1.0435880973494052,0.31350524317807216
0.0,0.5525436009471181,0.0,-0.04370762096228928,-0.7562178544738777,0.20100532996425946,1.0435880973494052,0.31350524317807216
0.0,0.5525436009471181,0.0,-0.04370762096228928,-0.7562178544738777,0.20100532996425946,1.0449872990363893,0.31350524317807216
0.0,0.5525436009471181,0.0,-0.04370762096228928,-0.7562178544738777,0.20100532996425946,1.0449872990363893,-0.2007462521094524
0.0,0.5525436009471181,0.0,-0.04370762096228928,-0.7562178544738777,0.20100532996425946,-1.3241571420001745,-0.2007462521094524
0.0,0.5525436009471181,0.0,-0.04370762096228928,-0.7562178544738777,0.20100532996425946,0.34094668096056974,-0.2007462521094524
0.0,0.5525436009471181,0.0,-0.04370762096228928,-0.7562178544738777,0.20100532996425946,-0.200194571480585,-0.2007462521094524
0.0,0.5525436009471181,0.0,-0.04370762096228928,-0.7562178544738777,0.20100532996425946,-0.200194571480585,0.03660059186940508
0.0,0.5525436009471181,0.0,-0.04370762096228928,-0.7562178544738777,0.20100532996425946,-0.200194571480585,0.03660059186940508
0.0,0.5525436009471181,0.0,-0.04370762096228928,-0.7562178544738777,0.20100532996425946,-0.200194571480585,-0.18096734844454762
0.0,0.5525436009471181,0.0,-0.04370762096228928,-0.7562178544738777,0.20100532996425946,-0.200194571480585,-0.11174118561738086
0.0,0.5525436009471181,0.0,-0.04370762096228928,-0.7562178544738777,0.20100532996425946,-0.200194571480585,-0.18096734844454762
0.0,0.5525436009471181,0.0,-0.04370762096228928,-0.7562178544738777,0.20100532996425946,-0.200194571480585,-0.18096734844454762
0.0,0.5525436009471181,0.0,-0.04370762096228928,-0.7562178544738777,0.20100532996425946,-1.4256530797560314,-0.18096734844454762
0.0,0.5525436009471181,0.0,-0.04370762096228928,-0.7562178544738777,0.20100532996425946,-1.4256530797560314,-0.17107789661209524
0.0,0.5525436009471181,0.0,-0.04370762096228928,-0.7562178544738777,0.20100532996425946,-1.4256530797560314,-0.2328869705649227
0.0,0.5525436009471181,0.0,-0.04370762096228928,-0.7562178544738777,0.20100532996425946,-1.4256530797560314,-0.1681110610623595
0.0,0.5525436009471181,0.0,-0.04370762096228928,-0.7562178544738777,0.20100532996425946,-1.4256530797560314,0.2739474358482626
0.0,0.5525436009471181,0.0,-0.04370762096228928,-0.7562178544738777,0.20100532996425946,-1.4256530797560314,0.42228921333504854
0.0,0.5525436009471181,0.0,-0.04370762096228928,-0.7562178544738777,0.20100532996425946,-0.02327628125132766,0.42228921333504854
0.0,0.5525436009471181,0.0,-0.04370762096228928,-0.7562178544738777,0.20100532996425946,-0.04359161343734901,0.42228921333504854
0.0,0.5525436009471181,0.0,-0.04370762096228928,-0.7562178544738777,0.20100532996425946,-0.04359161343734901,-0.22052515577435722
0.0,0.5525436009471181,0.0,-0.04370762096228928,-0.7562178544738777,0.20100532996425946,-0.04359161343734901,-0.2007462521094524
0.0,0.5525436009471181,0.0,-0.04370762096228928,-0.7562178544738777,0.20100532996425946,-0.04359161343734901,-0.22052515577435722
0.0,0.5525436009471181,0.0,-0.04370762096228928,-0.7562178544738777,0.20100532996425946,-0.04359161343734901,-0.16118844477964284
0.0,0.5525436009471181,0.0,-0.04370762096228928,-0.7562178544738777,0.20100532996425946,0.5123219798913892,-0.16118844477964284
0.0,0.5525436009471181,0.0,-0.04370762096228928,-0.7562178544738777,0.20100532996425946,-1.43020048523873,-0.16118844477964284
0.0,0.5525436009471181,0.0,-0.04370762096228928,-0.7562178544738777,0.20100532996425946,0.19246985579174203,-0.16118844477964284
0.0,0.5525436009471181,0.0,-0.04370762096228928,-0.7562178544738777,0.20100532996425946,0.19246985579174203,-0.16118844477964284
0.0,0.5525436009471181,0.0,-0.04370762096228928,-0.7562178544738777,0.20100532996425946,-0.2323223948317231,-0.16118844477964284
0.0,0.5525436009471181,0.0,-0.04370762096228928,-0.7562178544738777,0.20100532996425946,-0.2323223948317231,-0.16118844477964284
0.0,0.5525436009471181,0.0,-0.04370762096228928,-0.7562178544738777,0.20100532996425946,0.27935489900851324,-0.16118844477964284
0.0,0.5525436009471181,0.0,-0.04370762096228928,-0.7562178544738777,0.20100532996425946,-1.2999401897254472,-0.16118844477964284
0.0,0.5525436009471181,0.0,-0.04370762096228928,-0.7562178544738777,0.20100532996425946,-1.379963763131046,-0.16118844477964284
0.0,0.5525436009471181,0.0,-0.04370762096228928,-0.7562178544738777,0.20100532996425946,-1.4314920560267155,-0.16118844477964284
0.0,0.5525436009471181,0.0,-0.04370762096228928,-0.7562178544738777,0.20100532996425946,-1.4314920560267155,-0.22052515577435722
0.0,0.5525436009471181,0.0,0.1536961275996636,-0.7562178544738777,0.20100532996425946,-1.4314920560267155,0.12560565836147664
0.0,0.5525436009471181,0.0,-1.0081127268074095,-0.7562178544738777,0.20100532996425946,-1.4314920560267155,-0.23239249797330008
0.0,0.5525436009471181,0.0,-1.0081127268074095,-0.7562178544738777,0.20100532996425946,-1.4314920560267155,0.31350524317807216
0.0,0.5525436009471181,0.0,-1.0081127268074095,-0.7562178544738777,0.20100532996425946,-1.4314920560267155,-0.23545822804136035
0.0,0.5525436009471181,0.0,-1.0081127268074095,-0.7562178544738777,0.20100532996425946,-1.4314920560267155,-0.23545822804136035
0.0,0.5525436009471181,0.0,-1.0081127268074095,-0.7562178544738777,1.6949711061748924,-1.4314920560267155,-0.16118844477964284
0.0,0.5525436009471181,0.0,-1.0081127268074095,-0.7562178544738777,1.6949711061748924,-0.7667098083607038,-0.16118844477964284
0.0,0.5525436009471181,0.0,-1.0081127268074095,-0.7562178544738777,1.6949711061748924,-1.380125209479544,-0.16118844477964284
0.0,0.5525436009471181,0.0,-1.0081127268074095,-0.7562178544738777,1.6949711061748924,-0.4919281232167988,-0.16118844477964284
0.0,0.5525436009471181,0.0,-1.0081127268074095,-0.7562178544738777,1.6949711061748924,-0.4919281232167988,0.5904098944867392
0.0,0.5525436009471181,0.0,-1.0081127268074095,-0.7562178544738777,1.6949711061748924,-1.3779725914995684,0.5904098944867392
0.0,0.5525436009471181,0.0,-1.0081127268074095,-0.7562178544738777,1.6949711061748924,-0.5673504756901993,0.5904098944867392
0.0,0.5525436009471181,0.0,-1.0081127268074095,-0.7562178544738777,1.6949711061748924,-0.2349324441324436,0.5904098944867392
0.0,0.5525436009471181,0.0,-1.0081127268074095,-0.7562178544738777,1.6949711061748924,-1.4255723565817824,0.5904098944867392
0.0,0.5525436009471181,0.0,-1.0081127268074095,-0.7562178544738777,1.6949711061748924,-1.1684152311489289,0.5904098944867392
0.0,0.5525436009471181,0.0,-1.0081127268074095,-0.7562178544738777,1.6949711061748924,-0.4169093866146438,0.5904098944867392
0.0,0.5525436009471181,0.0,-1.0081127268074095,-0.7562178544738777,1.6949711061748924,-0.4169093866146438,-0.2007462521094524
0.0,0.5525436009471181,0.0,-1.0081127268074095,-0.7562178544738777,1.6949711061748924,-1.3698195509004103,-0.2007462521094524
0.0,0.5525436009471181,0.0,-1.0081127268074095,-0.7562178544738777,1.6949711061748924,-0.17075752060441657,-0.2007462521094524
0.0,0.5525436009471181,0.0,-1.0081127268074095,-0.7562178544738777,1.6949711061748924,-1.3714609221101417,-0.2007462521094524
0.0,0.5525436009471181,0.0,-1.0183553741384541,-0.7562178544738777,1.6949711061748924,-1.3714609221101417,-0.240304059439262
0.0,0.5525436009471181,0.0,-1.0183553741384541,-0.7562178544738777,1.6949711061748924,-1.3714609221101417,0.4123997615025961
0.0,0.5525436009471181,0.0,-1.0183553741384541,-0.7562178544738777,1.6949711061748924,-1.3714609221101417,-0.23733722388952627
0.0,0.5525436009471181,0.0,-1.0183553741384541,-0.7562178544738777,1.6949711061748924,-1.3714609221101417,-0.240304059439262
0.0,0.5525436009471181,0.0,-0.9091448097386138,-0.7562178544738777,1.6949711061748924,-1.3714609221101417,-0.16999005691052546
0.0,0.5525436009471181,0.0,-0.9091448097386138,-0.7562178544738777,1.6949711061748924,-1.3714609221101417,-0.2304146076068096
0.0,0.5525436009471181,0.0,-0.9091448097386138,-0.7562178544738777,1.6949711061748924,-1.3714609221101417,-0.2304146076068096
0.0,0.5525436009471181,0.0,-0.9091448097386138,-0.7562178544738777,1.6949711061748924,-1.3714609221101417,-0.23051350212513413
0.0,0.5525436009471181,0.0,-0.9091448097386138,-0.7562178544738777,1.6949711061748924,-1.3714609221101417,0.2047212730210958
0.0,0.5525436009471181,0.0,-0.9091448097386138,-0.7562178544738777,1.6949711061748924,-1.3714609221101417,0.3422835480105086
0.0,0.5525436009471181,0.0,-0.9091448097386138,-0.7562178544738777,1.6949711061748924,-1.3714609221101417,-0.23516154448638676
0.0,0.5525436009471181,0.0,-0.9091448097386138,-0.7562178544738777,1.6949711061748924,-1.3714609221101417,0.04649004370185748
0.0,0.5525436009471181,0.0,-0.9091448097386138,-0.7562178544738777,1.6949711061748924,-1.3714609221101417,-0.234073704784817
0.0,0.5525436009471181,0.0,-0.9091448097386138,-0.7562178544738777,1.6949711061748924,-1.3714609221101417,-0.14398079859117566
0.0,0.5525436009471181,0.0,-0.9091448097386138,-0.7562178544738777,1.6949711061748924,-1.3714609221101417,0.6200782499840964
0.0,0.5525436009471181,0.0,-0.9091448097386138,-0.7562178544738777,1.6949711061748924,-1.364061297803975,0.6200782499840964
0.0,0.5525436009471181,0.0,-0.9091448097386138,-0.7562178544738777,1.6949711061748924,-1.364061297803975,0.2047212730210958
0.0,0.5525436009471181,0.0,-0.9091448097386138,-0.7562178544738777,1.6949711061748924,-1.364061297803975,0.07615839919921466
0.0,0.5525436009471181,0.0,-0.9091448097386138,-0.7562178544738777,1.6949711061748924,-1.364061297803975,-0.23565601707800937
0.0,0.5525436009471181,0.0,-0.9091448097386138,-0.7562178544738777,1.6949711061748924,-1.364061297803975,-0.23733722388952627
0.0,0.5525436009471181,0.0,-0.9091448097386138,-0.7562178544738777,1.6949711061748924,-1.364061297803975,-0.23664496226125462
0.0,0.5525436009471181,0.0,-0.9091448097386138,-0.7562178544738777,1.6949711061748924,-1.364061297803975,-0.24010627040261295
0.0,0.5525436009471181,0.0,-0.9091448097386138,-0.7562178544738777,1.6949711061748924,-1.3001285437986951,-0.24010627040261295
0.0,0.5525436009471181,0.0,-0.9091448097386138,-0.7562178544738777,1.6949711061748924,-1.3001285437986951,0.6101887981516441
0.0,0.5525436009471181,0.0,-0.9091448097386138,-0.7562178544738777,1.6949711061748924,-1.3001285437986951,0.3036157913456198
0.0,0.5525436009471181,0.0,-0.9091448097386138,-0.7562178544738777,-1.4942749834662457,-1.3001285437986951,-0.2106357039419048
0.0,0.5525436009471181,0.0,-0.9091448097386138,-0.7562178544738777,-1.4942749834662457,-1.3001285437986951,-0.23674385677957915
0.0,0.5525436009471181,0.0,-0.9091448097386138,-0.7562178544738777,-1.4942749834662457,-1.3001285437986951,-0.15129899294719043
0.0,0.5525436009471181,0.0,-0.9091448097386138,-0.7562178544738777,-1.4942749834662457,-1.3001285437986951,-0.240304059439262
0.0,0.5525436009471181,0.0,-0.3636240733150499,-0.7562178544738777,-1.4942749834662457,-1.3001285437986951,-0.19758162752306765
0.0,0.5525436009471181,0.0,-0.3636240733150499,-0.7562178544738777,-1.4942749834662457,-1.3001285437986951,-0.23239249797330008
0.0,0.5525436009471181,0.0,-0.3636240733150499,-0.7562178544738777,-1.4942749834662457,-1.3001285437986951,-0.23713943485287722
0.0,0.5525436009471181,0.0,-0.3636240733150499,-0.7562178544738777,-1.4942749834662457,-1.3001285437986951,-0.1461564779943152
0.0,0.5525436009471181,0.0,-0.3636240733150499,-0.7562178544738777,-1.4942749834662457,-1.3001285437986951,-0.23733722388952627
0.0,0.5525436009471181,0.0,-0.3636240733150499,-0.7562178544738777,-1.4942749834662457,-1.3001285437986951,-0.240304059439262
0.0,0.5525436009471181,0.0,-0.3636240733150499,-0.7562178544738777,-1.4942749834662457,-1.3001285437986951,0.48162592432976287
0.0,0.5525436009471181,0.0,-0.3636240733150499,-0.7562178544738777,-1.4942749834662457,-1.3001285437986951,-0.2317002363450284
