Dayl,Prcp,Srad,Swe,Tmax,Tmin,Vp
0.95041,0.0,0.16247999999999999,-0.1625,-0.1382,0.10715999999999999,0.12428
0.95041,0.0,0.16247999999999999,-0.1625,-0.1382,0.10715999999999999,0.007992
0.95041,0.0,0.16247999999999999,-0.1625,-0.1382,0.10715999999999999,1.3000000000000001e-05
0.95041,0.0,0.16247999999999999,-0.1625,-0.1382,0.10715999999999999,0.00038500000000000003
0.95041,0.0,0.16247999999999999,-0.1625,-0.1382,0.10715999999999999,8.7e-05
0.95041,0.0,0.16247999999999999,-0.1625,-0.1382,0.10715999999999999,0.000724
0.95041,0.0,0.16247999999999999,-0.1625,-0.1382,0.10715999999999999,3.8e-05
0.95041,0.0,0.16247999999999999,-0.1625,-0.1382,0.10715999999999999,6.9e-05
0.95041,0.0,0.16247999999999999,-0.1625,-0.1382,0.10715999999999999,1.4999999999999999e-05
0.95041,0.0,0.16247999999999999,-0.1625,-0.1382,0.10715999999999999,0.000117
0.95041,0.0,0.16247999999999999,-0.1625,-0.1382,0.10715999999999999,0.008617
0.95041,0.0,0.16247999999999999,-0.1625,-0.1382,0.10715999999999999,6.1e-05
0.95041,0.0,0.32122,-0.1625,-0.1382,0.10715999999999999,0.044680000000000004
0.95041,0.0,0.32122,-0.1625,-0.1382,0.10715999999999999,0.0006
0.95041,0.0,0.32122,-0.1625,-0.1382,0.10715999999999999,0.007619
0.95041,0.0,0.32122,-0.1625,-0.1382,0.10715999999999999,0.0006519999999999999
0.95041,0.0,0.32122,-0.1625,-0.1382,0.10715999999999999,0.004569
0.95041,0.0,0.32122,-0.1625,-0.1382,0.10715999999999999,0.000641
0.95041,0.0,0.32122,-0.1625,-0.1382,0.10715999999999999,7.900000000000001e-05
0.95041,0.0,0.32122,-0.1625,-0.1382,0.10715999999999999,0.0084
0.95041,0.0,0.32122,-0.1625,-0.1382,0.10715999999999999,0.0005809999999999999
0.95041,0.0,0.32122,-0.1625,-0.1382,0.10715999999999999,5.7999999999999994e-05
0.95041,0.0,0.32122,-0.1625,-0.1382,0.10715999999999999,0.000793
0.95041,0.0,0.32122,-0.1625,-0.1382,0.10715999999999999,0.009255
0.95041,0.0,0.32122,-0.1625,-0.1382,0.10715999999999999,0.000933
0.95041,0.0,0.32122,-0.1625,-0.1382,0.10715999999999999,0.00325
0.95041,0.0,0.32122,-0.1625,-0.1382,0.10715999999999999,0.003556
0.95041,0.0,0.30394,-0.1625,-0.1382,0.10715999999999999,0.00565
0.95041,0.0,0.30394,-0.1625,-0.1382,0.10715999999999999,1.8e-05
0.95041,0.0,0.30394,-0.1625,-0.1382,0.10715999999999999,0.0006
0.95041,0.0,0.30394,-0.1625,-0.1382,0.10715999999999999,0.0009
0.95041,0.0,0.30394,-0.1625,-0.1382,0.11739000000000001,0.0007
0.95041,0.0,0.30394,-0.1625,-0.1382,0.11739000000000001,0.0085
0.95041,0.0,0.30394,-0.1625,-0.1382,0.11739000000000001,0.0042
0.95041,0.0,0.30394,-0.1625,-0.1382,0.11739000000000001,0.0084
0.95041,0.0,0.30394,-0.1625,-0.1382,0.10007,0.0006
0.95041,0.0,0.30394,-0.1625,-0.1382,0.10007,0.0004969999999999999
0.95041,0.0,0.30394,-0.1625,-0.1382,0.10007,9.2e-05
0.95041,0.0,0.34855,-0.1625,-0.1382,0.10007,0.007831
0.95041,0.0,0.34855,-0.1625,-0.1382,0.10007,0.000906
0.95041,0.0,0.34855,-0.1625,-0.1382,0.10007,0.000126
0.95041,0.0,0.34855,-0.1625,-0.1382,0.10007,0.0008789999999999999
0.95041,0.0,0.34855,-0.1625,-0.1382,0.10007,0.0007
0.95041,0.0,0.34855,-0.1625,-0.1382,0.10007,0.0063
0.95041,0.0,0.34855,-0.1625,-0.1382,0.10007,0.0067
0.95041,0.0,0.34855,-0.1625,-0.1382,0.10007,0.00075
0.95041,0.0,0.34855,-0.1625,-0.1382,0.10007,0.000571
0.95041,0.0,0.34855,-0.1625,-0.1382,0.10007,0.0043
0.95041,0.0,0.34855,-0.1625,-0.1382,0.10007,2.1e-05
0.95041,0.0,0.34855,-0.1625,-0.1382,0.10007,4.8e-05
0.95041,0.0,0.34855,-0.1625,-0.1382,0.10007,2.7000000000000002e-05
0.95041,0.0,0.34855,-0.1625,-0.1382,0.10007,6.4e-05
0.95041,0.0,0.34855,-0.1625,-0.1382,0.10007,6.6e-05
0.95041,0.0,0.34855,-0.1625,-0.1382,0.10007,7.8e-05
0.95041,0.0,0.34855,-0.1625,-0.1382,0.10007,0.0049
0.95041,0.0,0.34855,-0.1625,-0.1382,0.10007,0.0007610000000000001
0.95041,0.0,0.34855,-0.1625,-0.1382,0.10007,7.4e-05
0.95041,0.0,0.34855,-0.1625,-0.1382,0.10007,0.0047
0.95041,0.0,0.34855,-0.1625,-0.1382,0.10855,0.0009
0.95041,0.0,0.34855,-0.1625,-0.1382,0.10855,0.0051
0.95041,0.0,0.34855,-0.1625,-0.1382,0.10855,0.0047
0.95041,0.0,0.34855,-0.1625,-0.1382,0.10855,0.0005
0.95041,0.0,0.34855,-0.1625,-0.1382,0.17276,0.0007
0.95041,0.0,0.34855,-0.1625,-0.1382,0.17276,0.0089
0.95041,0.0,0.34855,-0.1625,-0.1382,0.17276,0.0097
0.95041,0.0,0.34855,-0.1625,-0.1382,0.17276,5e-05
0.95041,0.0,0.34855,-0.1625,-0.1382,0.17276,0.0048
0.95041,0.0,0.34855,-0.1625,-0.1382,0.17276,0.0004
0.95041,0.0,0.34855,-0.1625,-0.1382,0.17276,6.9e-05
0.95041,0.0,0.34855,-0.1625,-0.1382,0.17276,5.9999999999999995e-05
0.95041,0.0,0.34855,-0.1625,-0.1382,0.10894000000000001,0.0006
0.95041,0.0,0.34855,-0.1625,-0.1382,0.11818,0.0009
0.95041,0.0,0.34855,-0.1625,-0.1382,0.11818,0.00042800000000000005
0.95041,0.0,0.34855,-0.1625,-0.1382,0.12315999999999999,0.0004
0.95041,0.0,0.34855,-0.1625,-0.1382,0.12315999999999999,0.0078
0.95041,0.0,0.34855,-0.1625,-0.1382,0.11509000000000001,0.0005
0.95041,0.0,0.34855,-0.1625,-0.1382,0.11830999999999998,0.0006
0.95041,0.0,0.34855,-0.1625,-0.1382,0.11830999999999998,0.0092
0.95041,0.0,0.34855,-0.1625,-0.1382,0.11830999999999998,0.0056
0.95041,0.0,0.34855,-0.1625,-0.1382,0.11830999999999998,0.000666
0.95041,0.0,0.34855,-0.1625,-0.1382,0.11830999999999998,2e-05
0.95041,0.0,0.34855,-0.1625,-0.1382,0.11830999999999998,0.0002
0.95041,0.0,0.34855,-0.1625,-0.1382,0.11830999999999998,0.0002
0.95041,0.0,0.34855,-0.1625,-0.1382,0.11830999999999998,4.8e-05
0.95041,0.0,0.34855,-0.1625,-0.1382,0.11830999999999998,9.7e-05
0.95041,0.0,0.34855,-0.1625,-0.1382,0.11830999999999998,3.9e-05
0.95041,0.0,0.34855,-0.1625,-0.1382,0.086894,3.9e-05
0.95041,0.0,0.34855,-0.1625,-0.1382,0.092133,3.9e-05
0.95041,0.0,0.34855,-0.1625,-0.1382,0.11372,0.0003
0.95041,0.0,0.34855,-0.1625,-0.1382,0.11372,0.0048
0.95041,0.0,0.34855,-0.1625,-0.1382,0.11372,0.0043
0.95041,0.0,0.34855,-0.1625,-0.1382,0.11372,0.000512
0.95041,0.0,0.34855,-0.1625,-0.1382,0.11372,5e-06
0.95041,0.0,0.34855,-0.1625,-0.1382,0.086383,5e-06
0.95041,0.0,0.34855,-0.1625,-0.1382,0.086383,9e-06
0.95041,0.0,0.34855,-0.1625,-0.1382,0.086383,0.005995
0.95041,0.0,0.34855,-0.1625,-0.1382,0.086383,0.0047
0.95041,0.0,0.34855,-0.1625,-0.1382,0.086383,0.0005
0.95041,0.0,0.34855,-0.1625,-0.1382,0.086383,0.0008
0.95041,0.0,0.34855,-0.1625,-0.1382,0.086383,0.0072
0.95041,0.0,0.34855,-0.1625,-0.1382,0.11897999999999999,0.0007
0.95041,0.0,0.34855,-0.1625,-0.1382,0.11897999999999999,4.1e-05
0.95041,0.0,0.34855,-0.1625,-0.1382,0.11897999999999999,0.0024
0.95041,0.0,0.34855,-0.1625,-0.1382,0.11897999999999999,0.0042
0.95041,0.0,0.34855,-0.1625,-0.1382,0.11897999999999999,0.0005
0.95041,0.0,0.34855,-0.1625,-0.1382,0.11897999999999999,0.0005
0.95041,0.0,0.34855,-0.1625,-0.1382,0.11897999999999999,0.0003
0.95041,0.0,0.34855,-0.1625,-0.1382,0.11897999999999999,0.0095
0.95041,0.0,0.34855,-0.1625,-0.1382,0.11897999999999999,0.000425
0.95041,0.0,0.34855,-0.1625,-0.1382,0.063997,0.000425
0.95041,0.0,0.34855,-0.1625,-0.1382,0.063997,0.0009
0.95041,0.0,0.34855,-0.1625,-0.1382,0.10211,0.0007
0.95041,0.0,0.34855,-0.1625,-0.1382,0.10211,9.9e-05
0.95041,0.0,0.34855,-0.1625,-0.1382,0.10211,1.8e-05
0.95041,0.0,0.34855,-0.1625,-0.1382,0.10211,0.0003
0.95041,0.0,0.34855,-0.1625,-0.1382,0.10211,6.6e-05
0.95041,0.0,0.34855,-0.1625,-0.1382,0.07587100000000001,6.6e-05
0.95041,0.0,0.34855,-0.1625,-0.1382,0.07587100000000001,0.0007
0.95041,0.0,0.34855,-0.1625,-0.1382,0.07587100000000001,3.7e-05
0.95041,0.0,0.34855,-0.1625,-0.1382,0.07587100000000001,0.0004
0.95041,0.0,0.34855,-0.1625,-0.1382,0.07587100000000001,0.0003
0.95041,0.0,0.34855,-0.1625,-0.1382,0.10355,0.0008
0.95041,0.0,0.34855,-0.1625,-0.1382,0.10815999999999999,0.0007
0.95041,0.0,0.34855,-0.1625,-0.1382,0.089537,0.0007
0.95041,0.0,0.34855,-0.1625,-0.1382,0.060959000000000006,0.0007
0.95041,0.0,0.34855,-0.1625,-0.1382,1e-06,0.0007
0.95041,0.0,0.34855,-0.1625,-0.1382,1e-06,0.0071
0.95041,0.0,0.34855,-0.1625,-0.1382,0.067965,0.0071
0.95041,0.0,0.34855,-0.1625,-0.1382,0.067108,0.0071
0.95041,0.0,0.34855,-0.1625,-0.1382,0.067108,0.0007
0.95041,0.0,0.34855,-0.1625,-0.1382,0.000755,0.0007
0.95041,0.0,0.34855,-0.1625,-0.1382,0.000755,0.0002
0.95041,0.0,0.34855,-0.1625,-0.1382,0.000755,0.0009
0.95041,0.0,0.34855,-0.1625,-0.1382,0.000755,0.0009
0.95041,0.0,0.34855,-0.1625,-0.1382,0.045747,0.0009
0.95041,0.0,0.34855,-0.1625,-0.1382,0.040273,0.0009
0.95041,0.0,0.34855,-0.1625,-0.1382,0.044,0.0009
0.95041,0.0,0.34855,-0.1625,-0.1382,0.044,0.0048
0.95041,0.0,0.34855,-0.1625,-0.1382,0.044,0.0006
0.95041,0.0,0.34855,-0.1625,-0.1382,0.004065999999999999,0.0006
0.95041,0.0,0.34855,-0.1625,-0.1382,0.041582,0.0006
0.95041,0.0,0.34855,-0.1625,-0.1382,0.0,0.0006
0.95041,0.0,0.34855,-0.1625,-0.1382,0.0,0.0054
0.95041,0.0,0.34855,-0.1625,-0.1382,0.0,0.0078
0.95041,0.0,0.34855,-0.1625,-0.1382,0.0,0.0
0.95041,0.0,0.34855,-0.1625,-0.1382,0.0,1.7e-05
0.95041,0.0,0.34855,-0.1625,-0.1382,0.0,0.0038
0.95041,0.0,0.34855,-0.1625,-0.1382,0.0,0.0007
0.95041,0.0,0.34855,-0.1625,-0.1382,0.0,0.0014
0.95041,0.0,0.34855,-0.1625,-0.1382,0.0,3.6e-05
0.95041,0.0,0.34855,-0.1625,-0.1382,0.0,3.6e-05
0.95041,0.0,0.34855,-0.1625,-0.1382,0.0,0.0005
0.95041,0.0,0.34855,-0.1625,-0.1382,0.0,0.0009
0.95041,0.0,0.34855,-0.1625,-0.1382,0.0,0.0
0.95041,0.0,0.34855,-0.1625,-0.1382,0.0,0.0029
0.95041,0.0,0.34855,-0.1625,-0.1382,0.0,4e-06
0.95041,0.0,0.34855,-0.1625,-0.1382,0.0,0.0098
0.95041,0.0,0.34855,-0.1625,-0.1382,0.0,0.0012
0.95041,0.0,0.34855,-0.1625,-0.1382,0.0,0.0004
0.95041,0.0,0.34855,-0.1625,-0.1382,0.0,0.0025
0.95041,0.0,0.34855,-0.1625,-0.1382,0.0,2.7000000000000002e-05
0.95041,0.0,0.34855,-0.1625,-0.1382,0.0,0.0031
0.95041,0.0,0.34855,-0.1625,-0.1382,0.0,0.0035
0.95041,0.0,0.34855,-0.1625,-0.1382,0.0,0.0003
0.95041,0.0,0.34855,-0.1625,-0.1382,0.0,0.0
0.95041,0.0,0.34855,-0.1625,-0.1382,0.0,0.0002
0.95041,0.0,0.34855,-0.1625,-0.1382,0.0,0.0009
0.95041,0.0,0.34855,-0.1625,-0.1382,0.0,0.0003
0.95041,0.0,0.34855,-0.1625,-0.1382,0.0,0.0056
0.95041,0.0,0.34855,-0.1625,-0.1382,0.0,0.0005
0.95041,0.0,0.34855,-0.1625,-0.1382,0.0,7e-05
0.95041,0.0,0.34855,-0.1625,-0.1382,0.0,7e-05
0.95041,0.0,0.34855,-0.1625,-0.1382,0.034869,7e-05
0.95041,0.0,0.34855,-0.1625,-0.1382,0.034869,1.6e-05
0.95041,0.0,0.34855,-0.1625,-0.1382,0.034869,8.3e-05
0.95041,0.0,0.34855,-0.1625,-0.1382,0.034869,0.0
0.95041,0.0,0.34855,-0.1625,-0.1382,0.034869,0.0
0.95041,0.0,0.34855,-0.1625,-0.1382,0.034869,6.8e-05
0.95041,0.0,0.34855,-0.1625,-0.1382,0.034869,9.499999999999999e-05
0.95041,0.0,0.34855,-0.1625,-0.1382,0.034869,0.0053
0.95041,0.0,0.34855,-0.1625,-0.2316,0.034869,0.0053
0.95041,0.0,0.34855,-0.1625,-0.2316,0.034869,0.0002
0.95041,0.0,0.34855,-0.1625,-0.2316,0.034869,0.0002
0.95041,0.0,0.34855,-0.1625,-0.2316,0.034869,0.0036
0.95041,0.0,0.34855,-0.1625,-0.2316,0.003952000000000001,0.0036
0.95041,0.0,0.34855,-0.1625,-0.2316,0.003952000000000001,0.0009
0.95041,0.0,0.34855,-0.1625,-0.2316,0.003952000000000001,0.0001
0.95041,0.0,0.34855,-0.1625,-0.2316,0.003952000000000001,3.2e-05
0.95041,0.0,0.34855,-0.1625,-0.2316,0.003952000000000001,7.099999999999999e-05
0.95041,0.0,0.34855,-0.1625,-0.2316,0.003952000000000001,6e-06
0.95041,0.0,0.34855,-0.1625,-0.2316,0.003952000000000001,6.4e-05
0.95041,0.0,0.34855,-0.1625,-0.2316,0.003952000000000001,0.0
0.95041,0.0,0.34855,-0.1625,-0.2316,0.003952000000000001,0.0049
0.95041,0.0,0.34855,-0.1625,-0.2316,0.003952000000000001,0.0005
0.95041,0.0,0.34855,-0.1625,-0.2316,0.003952000000000001,2e-06
0.95041,0.0,0.34855,-0.1625,-0.2316,0.003952000000000001,0.0013
0.95041,0.0,0.34855,-0.1625,-0.2316,0.003952000000000001,3e-06
0.95041,0.0,0.34855,-0.1625,-0.2316,0.003952000000000001,0.0
0.95041,0.0,0.34855,-0.1625,-0.2316,0.003952000000000001,3.2e-05
0.95041,0.0,0.34855,-0.1625,-0.2316,0.003952000000000001,0.0004
0.95041,0.0,0.34855,-0.1625,-0.2316,0.003952000000000001,0.0071
0.95041,0.0,0.34855,-0.1625,-0.2316,0.003952000000000001,0.0019
0.95041,0.0,0.34855,-0.1625,-0.2316,0.003952000000000001,0.0019
0.95041,0.0,0.34855,-0.1625,-0.2316,0.003952000000000001,0.0003
0.95041,0.0,0.34855,-0.1625,-0.2316,0.003952000000000001,4.2e-05
0.95041,0.0,0.34855,-0.1625,-0.2316,0.003952000000000001,0.0007
0.95041,0.0,0.34855,-0.1625,-0.2316,0.003952000000000001,1.2e-05
0.95041,0.0,0.34855,-0.1625,-0.2316,0.003952000000000001,0.0068
0.95041,0.0,0.34855,-0.1625,-0.10039999999999999,0.003952000000000001,0.0068
0.95041,0.0,0.34855,-0.1625,-0.10679999999999999,0.003952000000000001,0.0068
0.95041,0.0,0.34855,-0.1625,-0.10679999999999999,0.003952000000000001,0.0
0.95041,0.0,0.34855,-0.1625,-0.10679999999999999,0.003952000000000001,0.000968
0.95041,0.0,0.34855,-0.1625,-0.10679999999999999,0.003952000000000001,0.0
0.95041,0.0,0.34855,-0.1625,-0.10679999999999999,0.003952000000000001,6.8e-05
0.95041,0.0,0.34855,-0.1625,-0.10679999999999999,0.003952000000000001,7.2e-05
0.95041,0.0,0.34855,-0.1625,-0.10679999999999999,0.003952000000000001,0.0031
0.95041,0.0,0.34855,-0.1625,-0.10679999999999999,0.003952000000000001,0.0037
0.95041,0.0,0.34855,-0.1625,-0.10679999999999999,0.003952000000000001,0.0
0.95041,0.0,0.34855,-0.1625,-0.10679999999999999,0.003952000000000001,0.0
0.95041,0.0,0.34855,-0.1625,-0.10679999999999999,0.003952000000000001,0.0078
0.95041,0.0,0.34855,-0.1625,-0.10679999999999999,0.003952000000000001,0.0078
0.95041,0.0,0.34855,-0.1625,-0.10679999999999999,0.003952000000000001,0.0
0.95041,0.0,0.34855,-0.1625,-0.2125,0.003952000000000001,0.0
0.95041,0.0,0.34855,-0.1625,-0.2125,0.003952000000000001,0.0049
0.95041,0.0,0.34855,-0.1625,-0.2125,0.003952000000000001,0.0008
0.95041,0.0,0.34855,-0.1625,-0.2125,0.003952000000000001,9.7e-05
0.95041,0.0,0.34855,-0.1625,-0.2125,0.003952000000000001,9.7e-05
0.95041,0.0,0.34855,-0.1625,-0.2125,0.003952000000000001,0.0
0.95041,0.0,0.34855,-0.1625,-0.2125,0.003952000000000001,0.0078
0.95041,0.0,0.34855,-0.1625,-0.2125,0.003952000000000001,1e-06
0.95041,0.0,0.34855,-0.1625,-0.2125,0.003952000000000001,0.0
0.95041,0.0,0.34855,-0.1625,-0.2125,0.003952000000000001,9e-05
0.95041,0.0,0.34855,-0.1625,-0.2125,0.003952000000000001,0.0
0.95041,0.0,0.34855,-0.1625,-0.2125,0.003952000000000001,0.0
0.95041,0.0,0.34855,-0.1625,-0.2125,0.003952000000000001,0.0057
0.95041,0.0,0.34855,-0.1625,-0.2125,0.003952000000000001,0.0055
0.95041,0.0,0.34855,-0.1625,-0.2125,0.003952000000000001,6e-06
0.95041,0.0,0.34855,-0.1625,-0.2125,0.003952000000000001,0.0096
0.95041,0.0,0.34855,-0.1625,-0.2125,0.003952000000000001,0.000463
0.95041,0.0,0.34855,-0.1625,-0.2125,0.003952000000000001,0.0
0.95041,0.0,0.34855,-0.1625,-0.2125,0.003952000000000001,0.0
0.95041,0.0,0.34855,-0.1625,-0.2125,0.003952000000000001,0.0
0.95041,0.0,0.34855,-0.1625,-0.2125,0.003952000000000001,0.0
0.95041,0.0,0.34855,-0.1625,-0.2125,0.003952000000000001,0.0
0.95041,0.0,0.34855,-0.1625,-0.2125,0.003952000000000001,7.099999999999999e-05
0.95041,0.0,0.34855,-0.1625,-0.2125,0.003952000000000001,0.0
0.95041,0.0,0.34855,-0.1625,-0.2125,0.003952000000000001,0.0073
0.95041,0.0,0.34855,-0.1625,-0.2125,0.003952000000000001,0.0073
0.95041,0.0,0.34855,-0.1625,-0.2125,0.003952000000000001,0.0
0.95041,0.0,0.34855,-0.1625,-0.2125,0.003952000000000001,0.0
0.95041,0.0,0.34855,-0.1625,-0.2125,0.003952000000000001,6.3e-05
0.95041,0.0,0.34855,-0.1625,-0.2125,0.003952000000000001,0.000923
0.95041,0.0,0.34855,-0.1625,-0.2125,0.003952000000000001,0.0088
0.95041,0.0,0.34855,-0.1625,-0.2125,0.038973,0.0088
0.95041,0.0,0.34855,-0.1625,-0.2125,0.038973,0.0002
0.95041,0.0,0.34855,-0.1625,-0.2125,0.036026999999999997,0.0002
0.95041,0.0,0.34855,-0.1625,-0.2125,0.036026999999999997,0.0007
0.95041,0.0,0.34855,-0.1625,-0.2125,0.036026999999999997,0.0041
0.95041,0.0,0.34855,-0.1625,-0.2125,0.036026999999999997,0.0032
0.95041,0.0,0.34855,-0.1625,-0.2125,0.036026999999999997,0.0
0.95041,0.0,0.34855,-0.1625,-0.2125,0.036026999999999997,0.0
0.95041,0.0,0.34855,-0.1625,-0.2125,0.036026999999999997,0.0
0.95041,0.0,0.34855,-0.1625,-0.2125,0.036026999999999997,0.0033
0.95041,0.0,0.34855,-0.1625,-0.2125,0.036026999999999997,0.0003
0.95041,0.0,0.34855,-0.1625,-0.2125,0.036026999999999997,0.0008
0.95041,0.0,0.34855,-0.1625,-0.2125,0.036026999999999997,0.0
0.95041,0.0,0.34855,-0.1625,-0.2125,0.036026999999999997,0.0099
0.95041,0.0,0.34855,-0.1625,-0.2125,0.036026999999999997,0.0007
0.95041,0.0,0.34855,-0.1625,-0.2125,0.036026999999999997,0.0008
0.95041,0.0,0.34855,-0.1625,-0.2125,0.036026999999999997,2.2e-05
0.95041,0.0,0.34855,-0.1625,-0.2125,0.036026999999999997,0.0002
0.95041,0.0,0.34855,-0.1625,-0.2125,0.036026999999999997,0.0
0.95041,0.0,0.34855,-0.1625,-0.2125,0.036026999999999997,0.0
0.95041,0.0,0.34855,-0.1625,-0.1191,0.036026999999999997,0.0008
0.95041,0.0,0.34855,-0.1625,-0.1191,0.036026999999999997,0.0015
0.95041,0.0,0.34855,-0.1625,-0.1191,0.036026999999999997,1.4000000000000001e-05
0.95041,0.0,0.34855,-0.1625,-0.1191,0.036026999999999997,0.0009789999999999998
0.95041,0.0,0.34855,-0.1625,-0.1191,0.036026999999999997,0.0
0.95041,0.0,0.34855,-0.1625,-0.1191,0.036026999999999997,0.0001
0.95041,0.0,0.34855,-0.1625,-0.1191,0.036026999999999997,5.6999999999999996e-05
0.95041,0.0,0.34855,-0.1625,-0.1191,0.036026999999999997,0.0099
0.95041,0.0,0.34855,-0.1625,-0.1191,0.036026999999999997,0.0004
0.95041,0.0,0.34855,-0.1625,-0.1191,0.036026999999999997,1.2e-05
0.95041,0.0,0.34855,-0.1625,-0.1191,0.036026999999999997,9.1e-05
0.95041,0.0,0.34855,-0.1625,-0.1191,0.036026999999999997,0.0029
0.95041,0.0,0.34855,-0.1625,-0.1191,0.036026999999999997,0.0051
0.95041,0.0,0.34855,-0.1625,-0.1191,0.036026999999999997,8.1e-05
0.95041,0.0,0.34855,-0.1625,-0.1191,0.036026999999999997,6.2e-05
0.95041,0.0,0.34855,-0.1625,-0.1191,0.036026999999999997,0.0001
0.95041,0.0,0.34855,-0.1625,-0.1191,0.036026999999999997,6.4e-05
0.95041,0.0,0.34855,-0.1625,-0.1191,0.036026999999999997,0.0041
0.58239,0.0,0.34855,-0.1625,-0.1191,0.036026999999999997,0.057127
0.58239,0.0,0.34855,-0.1625,-0.1191,0.036026999999999997,3.9e-05
0.58239,0.0,0.34855,-0.1625,-0.1191,0.036026999999999997,0.00059
0.58239,0.0,0.34855,-0.1625,-0.1191,0.036026999999999997,6.7e-05
0.58239,0.0,0.34855,-0.1625,-0.1191,0.036026999999999997,0.0019
0.58239,0.0,0.34855,-0.1625,-0.1191,0.036026999999999997,0.0002
0.58239,0.0,0.34855,-0.1625,-0.1191,0.036026999999999997,0.000989
0.58239,0.0,0.34855,-0.1625,-0.1191,0.036026999999999997,3.6e-05
0.58239,0.0,0.34855,-0.1625,-0.1191,0.036026999999999997,1.3000000000000001e-05
0.58239,0.0,0.34855,-0.1625,-0.1191,0.036026999999999997,4.4e-05
0.58239,0.0,0.34855,-0.1625,-0.1191,0.036026999999999997,0.0006
0.58239,0.0,0.34855,-0.1625,-0.1191,0.046414,0.0006
0.58239,0.0,0.34855,-0.1625,-0.1191,0.046414,4.7e-05
0.58239,0.0,0.34855,-0.1625,-0.1191,0.046414,2.4e-05
0.58239,0.0,0.34855,-0.1625,-0.1191,0.046414,1.1e-05
0.58239,0.0,0.34855,-0.1625,-0.1191,0.046414,0.0083
0.58239,0.0,0.34855,-0.1625,-0.1191,0.046414,8.4e-05
0.58239,0.0,0.34855,-0.1625,-0.1191,0.046414,0.0058
0.58239,0.0,0.34855,-0.1625,-0.1191,0.046414,0.0051
0.58239,0.0,0.34855,-0.1625,-0.1191,0.046414,0.0001
0.58239,0.0,0.34855,-0.1625,-0.1191,0.046414,0.0065
0.58239,0.0,0.34855,-0.1625,-0.1191,0.046414,0.0006
0.58239,0.0,0.34855,-0.1625,-0.1191,0.046414,0.0005
0.58239,0.0,0.34855,-0.1625,-0.1191,0.046414,0.0023
0.58239,0.0,0.34855,-0.1625,-0.1191,0.046414,0.0061
0.58239,0.0,0.34855,-0.1625,-0.1191,0.046414,0.0004
0.58239,0.0,0.34855,-0.1625,-0.1191,0.046414,0.0028
0.58239,0.0,0.34855,-0.1625,-0.1191,0.046414,0.00031099999999999997
0.58239,0.0,0.25537,-0.1625,-0.1191,0.046414,9.8e-05
0.58239,0.0,0.25537,-0.1625,-0.1191,0.046414,0.0018
0.58239,0.0,0.25537,-0.1625,-0.1191,0.046414,0.0006
0.58239,0.0,0.25537,-0.1625,-0.1191,0.046414,0.0008
0.58239,0.0,0.25537,-0.1625,-0.1191,0.046414,0.0066
0.58239,0.0,0.25537,-0.1625,-0.1191,0.046414,0.0086
0.58239,0.0,0.35705000000000003,-0.1625,-0.1191,0.046414,0.000543
0.58239,0.0,0.35705000000000003,-0.1625,-0.1191,0.046414,0.0064
0.58239,0.0,0.35705000000000003,-0.1625,-0.1191,0.046414,0.0097
0.58239,0.0,0.35705000000000003,-0.1625,-0.1191,0.046414,0.0077
0.58239,0.0,0.35705000000000003,-0.1625,-0.1191,0.046414,6.2e-05
0.58239,0.0,0.35705000000000003,-0.1625,-0.1191,0.046414,0.0071
0.58239,0.0,0.35705000000000003,-0.1625,-0.1191,0.046414,4.5e-05
0.58239,0.0,0.35705000000000003,-0.1625,-0.1191,0.046414,0.0011
0.58239,0.0,0.35705000000000003,-0.1625,-0.1191,0.046414,0.0041
0.58239,0.0,0.41372000000000003,-0.1625,-0.1191,0.046414,0.000323
0.58239,0.0,0.41372000000000003,-0.1625,-0.1191,0.046414,0.0066
0.58239,0.0,0.41372000000000003,-0.1625,-0.1191,0.046414,6.3e-05
0.58239,0.0,0.41372000000000003,-0.1625,-0.1191,0.046414,0.0005
0.58239,0.0,0.41372000000000003,-0.1625,-0.1191,0.046414,0.0007
0.58239,0.0,0.41372000000000003,-0.1625,-0.1191,0.046414,1.7e-05
0.58239,0.0,0.41372000000000003,-0.1625,-0.1191,0.046414,0.0025
0.58239,0.0,0.41372000000000003,-0.1625,-0.1191,0.046414,0.0001
0.58239,0.0,0.41372000000000003,-0.1625,-0.1191,0.046414,0.0003
0.58239,0.0,0.41372000000000003,-0.1625,-0.1191,0.046414,0.000492
0.58239,0.0,0.41372000000000003,-0.1625,-0.1191,0.046414,9.300000000000001e-05
0.58239,0.0,0.41372000000000003,-0.1625,-0.1191,0.046414,0.0034
0.58239,0.0,0.41372000000000003,-0.1625,-0.1191,0.046414,0.000356
0.58239,0.0,0.41372000000000003,-0.1625,-0.1191,0.046414,0.0007099999999999999
0.58239,0.0,0.41372000000000003,-0.1625,-0.1191,0.046414,0.0026
0.58239,0.0,0.41372000000000003,-0.1625,-0.1191,0.046414,2.4e-05
0.58239,0.0,0.41372000000000003,-0.1625,-0.1191,0.046414,3.6e-05
0.58239,0.0,0.41372000000000003,-0.1625,-0.1191,0.046414,0.000745
0.58239,0.0,0.41372000000000003,-0.1625,-0.1191,0.046414,0.000773
0.58239,0.0,0.41372000000000003,-0.1625,-0.1191,0.046414,0.0016
0.58239,0.0,0.41372000000000003,-0.1625,-0.1191,0.046414,0.000539
0.58239,0.0,0.41372000000000003,-0.1625,-0.1191,0.046414,5.9e-05
0.58239,0.0,0.41372000000000003,-0.1625,-0.1191,0.046414,0.0007
0.58239,0.0,0.41372000000000003,-0.1625,-0.1191,0.046414,0.0078
0.58239,0.0,0.41372000000000003,-0.1625,-0.1191,0.046414,1.7e-05
0.58239,0.0,0.27902,-0.1625,-0.1191,0.046414,0.0044859999999999995
0.58239,0.0,0.27902,-0.1625,-0.1191,0.046414,6e-06
0.58239,0.0,0.27902,-0.1625,-0.1191,0.046414,0.000601
0.58239,0.0,0.27902,-0.1625,-0.1191,0.046414,5.2000000000000004e-05
0.58239,0.0,0.27902,-0.1625,-0.1191,0.046414,6.6e-05
0.58239,0.0,0.27902,-0.1625,-0.1191,0.046414,1.3000000000000001e-05
0.58239,0.0,0.27902,-0.1625,-0.1191,0.046414,0.00049
0.58239,0.0,0.27902,-0.1625,-0.1191,0.046414,0.0037
0.58239,0.0,0.19962,-0.1625,-0.1191,0.046414,0.026525999999999997
0.58239,0.0,0.19962,-0.1625,-0.1191,0.046414,0.005232
0.58239,0.0,0.19962,-0.1625,-0.1191,0.046414,0.0058
0.58239,0.0,0.19962,-0.1625,-0.1191,0.046414,0.0025
0.58239,0.0,0.19962,-0.1625,-0.1191,0.017246,0.0025
0.58239,0.0,0.19962,-0.1625,-0.1191,0.017246,0.0028
0.58239,0.0,0.19962,-0.1625,-0.1191,0.017246,4e-06
0.58239,0.0,0.19962,-0.1625,-0.1191,0.017246,0.0027
0.58239,0.0,0.19962,-0.1625,-0.1191,0.017246,0.0044
0.58239,0.0,0.19962,-0.1625,-0.1191,0.017246,2e-05
0.58239,0.0,0.19962,-0.1625,-0.1191,0.017246,0.0024
0.58239,0.0,0.19962,-0.1625,-0.1191,0.017246,0.0094
0.58239,0.0,0.19962,-0.1625,-0.1191,0.017246,4.7e-05
0.58239,0.0,0.19962,-0.1625,-0.1191,0.017246,2.8999999999999997e-05
0.58239,0.0,0.19962,-0.1625,-0.1191,0.017246,3.7e-05
0.58239,0.0,0.19962,-0.1625,-0.1191,0.017246,6.4e-05
0.58239,0.0,0.19962,-0.1625,-0.1191,0.017246,3.7e-05
0.58239,0.0,0.19962,-0.1625,-0.1191,0.017246,1.2e-05
0.58239,0.0,0.19962,-0.1625,-0.1191,0.017246,0.0088
0.58239,0.0,0.19962,-0.1625,-0.1191,0.017246,0.0072
0.58239,0.0,0.19962,-0.1625,-0.1191,0.017246,2.5e-05
0.58239,0.0,0.19962,-0.1625,-0.1191,0.017246,8.6e-05
0.58239,0.0,0.19962,-0.1625,-0.1191,0.017246,0.0029
0.58239,0.0,0.19962,-0.1625,-0.1191,0.15388,0.0029
0.58239,0.0,0.19962,-0.1625,-0.1191,0.15388,0.000412
0.58239,0.0,0.19962,-0.1625,-0.1191,0.15388,9.6e-05
0.58239,0.0,0.19962,-0.1625,-0.1191,0.15388,0.0059
0.58239,0.0,0.19962,-0.1625,-0.1191,0.15388,0.0029
0.58239,0.0,0.19962,-0.1625,-0.1191,0.15388,0.0002
0.58239,0.0,0.19962,-0.1625,-0.1191,0.15388,0.0027
0.58239,0.0,0.19962,-0.1625,-0.1191,0.13185999999999998,0.0002
0.58239,0.0,0.19962,-0.1625,-0.1191,0.13185999999999998,0.0069
0.58239,0.0,0.19962,-0.1625,-0.1191,0.13185999999999998,0.000942
0.58239,0.0,0.19962,-0.1625,-0.1191,0.13185999999999998,0.0082
0.58239,0.0,0.19962,-0.1625,-0.1191,0.13185999999999998,3.5e-05
0.58239,0.0,0.19962,-0.1625,-0.1191,0.13185999999999998,5.9999999999999995e-05
0.58239,0.0,0.19962,-0.1625,-0.1191,0.13185999999999998,0.0001
0.58239,0.0,0.19962,-0.1625,-0.1191,0.13185999999999998,6.8e-05
0.58239,0.0,0.19962,-0.1625,-0.1191,0.13185999999999998,0.00017900000000000001
0.58239,0.0,0.19962,-0.1625,-0.1191,0.13185999999999998,0.0031
0.58239,0.0,0.18586000000000003,-0.1625,-0.1191,0.13185999999999998,0.092045
0.58239,0.0,0.24474,-0.1625,-0.1191,0.13185999999999998,0.005055
0.58239,0.0,0.24474,-0.1625,-0.1191,0.13185999999999998,3.4e-05
0.58239,0.0,0.24474,-0.1625,-0.1191,0.13185999999999998,8e-05
0.58239,0.0,0.24474,-0.1625,-0.1191,0.13185999999999998,0.000301
0.58239,0.0,0.24474,-0.1625,-0.1191,0.11975999999999999,0.0009
0.58239,0.0,0.24474,-0.1625,-0.1191,0.11975999999999999,0.000268
0.58239,0.0,0.24474,-0.1625,-0.1191,0.11975999999999999,0.0078
0.58239,0.0,0.24474,-0.1625,-0.1191,0.11975999999999999,6.500000000000001e-05
0.58239,0.0,0.24474,-0.1625,-0.1191,0.11975999999999999,0.005674
0.58239,0.0,0.24474,-0.1625,-0.1191,0.11975999999999999,9.1e-05
0.58239,0.0,0.24474,-0.1625,-0.1191,0.11975999999999999,3.6e-05
0.58239,0.0,0.24474,-0.1625,-0.1191,0.11975999999999999,5e-05
0.58239,0.0,0.24474,-0.1625,-0.1191,0.11975999999999999,0.000723
0.58239,0.0,0.24474,-0.1625,-0.1191,0.11975999999999999,0.000566
0.58239,0.0,0.24474,-0.1625,-0.1191,0.11975999999999999,8.8e-05
0.58239,0.0,0.24474,-0.1625,-0.1191,0.11975999999999999,6.3e-05
0.58239,0.0,0.24474,-0.1625,-0.1191,0.11975999999999999,0.00043499999999999995
0.58239,0.0,0.24474,-0.1625,-0.1191,0.11975999999999999,0.000541
0.58239,0.0,0.24474,-0.1625,-0.1191,0.11975999999999999,0.000281
0.58239,0.0,0.24474,-0.1625,-0.1191,0.11975999999999999,0.003295
0.58239,0.0,0.24474,-0.1625,-0.1191,0.11975999999999999,4.3e-05
0.58239,0.0,0.24474,-0.1625,-0.1191,0.11975999999999999,5.7999999999999994e-05
0.58239,0.0,0.24474,-0.1625,-0.1191,0.11975999999999999,2.5e-05
0.58239,0.0,0.24474,-0.1625,-0.1191,0.11975999999999999,0.0044
0.58239,0.0,0.24474,-0.1625,-0.1191,0.11975999999999999,0.0029
0.58239,0.0,0.24474,-0.1625,-0.1191,0.11975999999999999,5.5e-05
0.58239,0.0,0.24474,-0.1625,-0.1191,0.11975999999999999,0.0021
0.58239,0.0,0.24474,-0.1625,-0.1191,0.11975999999999999,0.0004
0.58239,0.0,0.24474,-0.1625,-0.1191,0.176,0.0004
0.58239,0.0,0.24474,-0.1625,-0.1191,0.13277,0.0008
0.58239,0.0,0.24474,-0.1625,-0.1191,0.13277,0.0005
0.58239,0.0,0.24474,-0.1625,-0.1191,0.13277,0.0002
0.58239,0.0,0.24474,-0.1625,-0.1191,0.13277,0.0
0.58239,0.0,0.24474,-0.1625,-0.1191,0.13277,1.8e-05
0.58239,0.0,0.24474,-0.1625,-0.1191,0.13277,0.0098
0.58239,0.0,0.24474,-0.1625,-0.1191,0.092,0.0098
0.58239,0.0,0.24474,-0.1625,-0.1191,0.092,6.2e-05
0.58239,0.0,0.24474,-0.1625,-0.1191,0.092,0.0001
0.58239,0.0,0.24474,-0.1625,-0.1191,0.092,0.0009
0.58239,0.0,0.24474,-0.1625,-0.1191,0.092,0.0094
0.58239,0.0,0.24474,-0.1625,-0.1191,0.092,8.2e-05
0.58239,0.0,0.24474,-0.1625,-0.1191,0.092,0.008320000000000001
0.58239,0.0,0.24474,-0.1625,-0.1191,0.092,7.2e-05
0.58239,0.0,0.24474,-0.1625,-0.1191,0.092,0.0003
0.58239,0.0,0.24474,-0.1625,-0.1191,0.10394,0.0004
0.58239,0.0,0.24474,-0.1625,-0.1191,0.09891699999999999,0.0004
0.58239,0.0,0.24474,-0.1625,-0.1191,0.08001799999999999,0.0004
0.58239,0.0,0.24474,-0.1625,-0.1191,0.08001799999999999,0.0005
0.58239,0.0,0.24474,-0.1625,-0.1191,0.08001799999999999,0.0009
0.58239,0.0,0.24474,-0.1625,-0.1191,0.08001799999999999,0.0087
0.58239,0.0,0.24474,-0.1625,-0.1191,0.08001799999999999,0.0002
0.58239,0.0,0.24474,-0.1625,-0.1191,0.08001799999999999,6e-06
0.58239,0.0,0.24474,-0.1625,-0.1191,0.08001799999999999,0.0082
0.58239,0.0,0.24474,-0.1625,-0.1191,0.08001799999999999,0.0005
0.58239,0.0,0.24474,-0.1625,-0.1191,0.08001799999999999,0.0002
0.58239,0.0,0.24474,-0.1625,-0.1191,0.09262999999999999,0.0002
0.58239,0.0,0.24474,-0.1625,-0.1191,0.09262999999999999,0.0067
0.58239,0.0,0.24474,-0.1625,-0.1191,0.09262999999999999,0.0007059999999999999
0.58239,0.0,0.24474,-0.1625,-0.1191,0.09262999999999999,0.0001
0.58239,0.0,0.24474,-0.1625,-0.1191,0.004174000000000001,0.0001
0.58239,0.0,0.24474,-0.1625,-0.1191,0.004174000000000001,8.4e-05
0.58239,0.0,0.24474,-0.1625,-0.1191,0.004174000000000001,0.0026
0.58239,0.0,0.24474,-0.1625,-0.1191,0.004174000000000001,0.0006
0.58239,0.0,0.24474,-0.1625,-0.1191,0.004174000000000001,3.5e-05
0.58239,0.0,0.24474,-0.1625,-0.1191,0.00195,3.5e-05
0.58239,0.0,0.24474,-0.1625,-0.1191,0.00195,0.0005200000000000001
0.58239,0.0,0.24474,-0.1625,-0.1191,0.00195,0.0008550000000000001
0.58239,0.0,0.24474,-0.1625,-0.1191,0.00195,0.0014
0.58239,0.0,0.24474,-0.1625,-0.1191,0.0025670000000000003,0.0014
0.58239,0.0,0.24474,-0.1625,-0.1191,0.0025670000000000003,0.0008
0.58239,0.0,0.24474,-0.1625,-0.1191,0.0025670000000000003,0.000394
0.58239,0.0,0.24474,-0.1625,-0.1191,0.000154,0.000394
0.58239,0.0,0.24474,-0.1625,-0.1191,0.000154,0.0053
0.58239,0.0,0.24474,-0.1625,-0.1191,0.000154,4.8e-05
0.58239,0.0,0.24474,-0.1625,-0.1191,0.000154,0.0037
0.58239,0.0,0.24474,-0.1625,-0.1191,0.000154,0.0007
0.58239,0.0,0.24474,-0.1625,-0.1191,0.000154,0.0007
0.58239,0.0,0.24474,-0.1625,-0.1191,0.08013200000000001,0.0007
0.58239,0.0,0.24474,-0.1625,-0.1191,0.08013200000000001,0.0008
0.58239,0.0,0.24474,-0.1625,-0.1191,0.088404,0.0008
0.58239,0.0,0.24474,-0.1625,-0.1191,0.090232,0.0008
0.58239,0.0,0.24474,-0.1625,-0.1191,0.064,0.0008
0.58239,0.0,0.24474,-0.1625,-0.1191,0.064,3.2e-05
0.58239,0.0,0.24474,-0.1625,-0.1191,0.064,4.2e-05
0.58239,0.0,0.24474,-0.1625,-0.1191,0.064,0.0023
0.58239,0.0,0.24474,-0.1625,-0.1191,0.057047,0.0023
0.58239,0.0,0.24474,-0.1625,-0.1191,0.057047,0.0005
0.58239,0.0,0.24474,-0.1625,-0.1191,0.057047,0.0002
0.58239,0.0,0.24474,-0.1625,-0.1191,0.057047,0.0027
0.58239,0.0,0.15412,-0.1625,-0.1191,0.057047,0.000121
0.58239,0.0,0.15412,-0.1625,-0.1191,0.057047,0.0009
0.58239,0.0,0.15412,-0.1625,-0.1191,0.057047,0.0005
0.58239,0.0,0.15412,-0.1625,-0.1191,0.043867,0.0005
0.58239,0.0,0.15412,-0.1625,-0.1191,0.043867,0.0004
0.58239,0.0,0.15412,-0.1625,-0.1191,0.043867,9e-06
0.58239,0.0,0.16251,-0.1625,-0.1191,0.043867,0.000134
0.58239,0.0,0.14778,-0.1625,-0.1191,0.043867,0.000695
0.58239,0.0,0.11141,-0.1625,-0.1191,0.043867,1.1e-05
0.58239,0.0,0.11141,-0.1625,-0.1191,0.043867,0.0029
0.58239,0.0,0.11141,-0.1625,-0.1191,0.043867,0.0004
0.58239,0.0,0.11141,-0.1625,-0.1191,0.043867,0.0008
0.58239,0.0,0.11141,-0.1625,-0.1191,0.086449,0.0008
0.58239,0.0,0.11141,-0.1625,-0.1191,0.086449,0.0074
0.58239,0.0,0.11141,-0.1625,-0.1191,0.086449,0.0019
0.58239,0.0,0.11141,-0.1625,-0.1191,0.086449,0.0003
0.58239,0.0,0.11141,-0.1625,-0.1191,0.086449,0.0005
0.58239,0.0,0.11141,-0.1625,-0.1191,0.086449,0.0079
0.58239,0.0,0.11141,-0.1625,-0.1191,0.086449,0.000493
0.58239,0.0,0.11141,-0.1625,-0.1191,0.086449,0.000493
0.58239,0.0,0.11141,-0.1625,-0.1191,0.086449,0.0076
0.58239,0.0,0.11141,-0.1625,-0.1191,0.086449,4.4e-05
0.58239,0.0,0.15222999999999998,-0.1625,-0.1191,0.086449,0.0007610000000000001
0.58239,0.0,0.15222999999999998,-0.1625,-0.1191,0.086449,8.4e-05
0.58239,0.0,0.15222999999999998,-0.1625,-0.1191,0.086449,5.1e-05
0.58239,0.0,0.15222999999999998,-0.1625,-0.1191,0.086449,1.9e-05
0.58239,0.0,0.15222999999999998,-0.1625,-0.1191,0.086449,1.9e-05
0.58239,0.0,0.15222999999999998,-0.1625,-0.1191,0.039847,1.9e-05
0.58239,0.0,0.15222999999999998,-0.1625,-0.1191,0.039847,0.0003
0.58239,0.0,0.15222999999999998,-0.1625,-0.1191,0.039847,6.7e-05
0.58239,0.0,0.15222999999999998,-0.1625,-0.1191,0.039847,5.6999999999999996e-05
0.58239,0.0,0.15222999999999998,-0.1625,-0.1191,0.039847,0.0004
0.58239,0.0,0.15222999999999998,-0.1625,-0.1191,0.039847,0.0004
0.58239,0.0,0.15222999999999998,-0.1625,-0.1191,0.039847,8.8e-05
0.58239,0.0,0.15222999999999998,-0.1625,-0.1191,0.039847,4.2e-05
0.58239,0.0,0.15222999999999998,-0.1625,-0.1191,0.039847,0.0009
0.58239,0.0,0.15222999999999998,-0.1625,-0.1191,0.039847,0.0009
0.58239,0.0,0.15222999999999998,-0.1625,-0.1191,0.039847,0.0052
0.58239,0.0,0.15222999999999998,-0.1625,-0.1191,0.039847,0.0
0.58239,0.0,0.15222999999999998,-0.1625,-0.1191,0.039847,0.0046
0.58239,0.0,0.15222999999999998,-0.1625,-0.1191,0.039847,0.0003
0.58239,0.0,0.15222999999999998,-0.1625,-0.1191,0.039847,0.0009
0.58239,0.0,0.15222999999999998,-0.1625,-0.1191,0.039847,0.0
0.58239,0.0,0.15222999999999998,-0.1625,-0.1191,0.039847,0.0
0.58239,0.0,0.15222999999999998,-0.1625,-0.1191,0.039847,0.0
0.58239,0.0,0.15222999999999998,-0.1625,-0.1191,0.039847,0.0
0.58239,0.0,0.15222999999999998,-0.1625,-0.1191,0.039847,0.005382
0.58239,0.0,0.15222999999999998,-0.1625,-0.1191,0.039847,0.00024700000000000004
0.58239,0.0,0.15222999999999998,-0.1625,-0.1191,0.039847,0.0
0.58239,0.0,0.15222999999999998,-0.1625,-0.1191,0.039847,0.0
0.58239,0.0,0.15222999999999998,-0.1625,-0.1191,0.039847,5e-05
0.58239,0.0,0.15222999999999998,-0.1625,-0.1191,0.039847,0.0001
0.58239,0.0,0.15222999999999998,-0.1625,-0.1191,0.039847,0.0054
0.58239,0.0,0.15222999999999998,-0.1625,-0.1191,0.039847,0.0
0.58239,0.0,0.15131999999999998,-0.1625,-0.1191,0.039847,0.006
0.58239,0.0,0.15131999999999998,-0.1625,-0.1191,0.039847,0.004309
0.58239,0.0,0.15131999999999998,-0.1625,-0.1191,0.039847,7e-05
0.58239,0.0,0.15131999999999998,-0.1625,-0.1191,0.039847,2.4e-05
0.58239,0.0,0.15131999999999998,-0.1625,-0.1191,0.039847,0.000533
0.58239,0.0,0.15131999999999998,-0.1625,-0.1191,0.039847,0.0
0.58239,0.0,0.15131999999999998,-0.1625,-0.1191,0.039847,0.0
0.58239,0.0,0.15131999999999998,-0.1625,-0.1191,0.039847,0.000323
0.58239,0.0,0.15131999999999998,-0.1625,-0.1191,0.039847,0.0001
0.58239,0.0,0.15131999999999998,-0.1625,-0.1191,0.039847,6.9e-05
0.17268,0.0,0.15131999999999998,-0.1625,-0.1191,0.039847,0.005104999999999999
0.17268,0.0,0.15131999999999998,-0.1625,-0.1191,0.039847,0.0036
0.17268,0.0,0.15131999999999998,-0.1625,-0.1191,0.039847,2.7000000000000002e-05
0.17268,0.0,0.15131999999999998,-0.1625,-0.1191,0.039847,0.0
0.17268,0.0,0.15131999999999998,-0.1625,-0.1191,0.039847,0.0012
0.17268,0.0,0.15131999999999998,-0.1625,-0.1191,0.039847,0.0006
0.17268,0.0,0.15131999999999998,-0.1625,-0.1191,0.039847,0.0085
0.17268,0.0,0.15131999999999998,-0.1625,-0.1191,0.039847,0.0008
0.17268,0.0,0.15131999999999998,-0.1625,-0.1191,0.039847,9.6e-05
0.17268,0.0,0.15131999999999998,-0.1625,-0.1191,0.039847,0.0
0.17268,0.0,0.15131999999999998,-0.1625,-0.1191,0.039847,2.8999999999999997e-05
0.17268,0.0,0.15131999999999998,-0.1625,-0.1191,0.039847,0.0091
0.17268,0.0,0.15131999999999998,-0.1625,-0.1191,0.039847,0.0068
0.17268,0.0,0.15131999999999998,-0.1625,-0.1191,0.039847,0.0068
0.17268,0.0,0.15131999999999998,-0.1625,-0.1191,0.039847,3.1e-05
0.17268,0.0,0.15131999999999998,-0.1625,-0.1191,0.039847,0.0
0.17268,0.0,0.15131999999999998,-0.1625,-0.1191,0.039847,0.0
0.17268,0.0,0.15131999999999998,-0.1625,-0.1191,0.039847,0.0
0.17268,0.0,0.15131999999999998,-0.1625,-0.1191,0.039847,0.0
0.17268,0.0,0.15131999999999998,-0.1625,-0.1191,0.039847,0.000288
0.17268,0.0,0.15131999999999998,-0.1625,-0.1191,0.039847,2.1e-05
0.17268,0.0,0.15131999999999998,-0.1625,-0.1191,0.039847,0.0
0.17268,0.0,0.15131999999999998,-0.1625,-0.1191,0.039847,0.0
0.17268,0.0,0.15131999999999998,-0.1625,-0.1191,0.039847,8.8e-05
0.17268,0.0,0.15131999999999998,-0.1625,-0.1191,0.039847,0.000921
0.17268,0.0,0.15131999999999998,-0.1625,-0.1191,0.039847,0.00027400000000000005
0.17268,0.0,0.15131999999999998,-0.1091,-0.1191,0.039847,0.0054
0.17268,0.0,0.15131999999999998,-0.1091,-0.1191,0.039847,0.000752
0.17268,0.0,0.15131999999999998,-0.1091,-0.1191,0.039847,8.7e-05
0.17268,0.0,0.15131999999999998,-0.1091,-0.1191,0.039847,0.0005
0.17268,0.0,0.15131999999999998,-0.1091,-0.1191,0.039847,0.0005
0.17268,0.0,0.15131999999999998,-0.1091,-0.1191,0.039847,0.0033
0.17268,0.0,0.15131999999999998,-0.1091,-0.1191,0.039847,0.0
0.17268,0.0,0.15131999999999998,-0.1091,-0.1191,0.039847,5.9999999999999995e-05
0.17268,0.0,0.15131999999999998,-0.1091,-0.1191,0.039847,0.0007
0.17268,0.0,0.15131999999999998,-0.1091,-0.1191,0.039847,0.00015900000000000002
0.17268,0.0,0.15131999999999998,-0.1091,-0.1191,0.039847,6.4e-05
0.17268,0.0,0.15131999999999998,-0.1091,-0.1191,0.039847,0.000386
0.17268,0.0,0.15131999999999998,-0.1091,-0.1191,0.039847,0.0
0.17268,0.0,0.15131999999999998,-0.1091,-0.1191,0.039847,0.0008
0.17268,0.0,0.15131999999999998,-0.1091,-0.1191,0.039847,0.0048
0.17268,0.0,0.15131999999999998,-0.1091,-0.1191,0.039847,1e-05
0.17268,0.0,0.15131999999999998,-0.1091,-0.1191,0.039847,0.000683
0.17268,0.0,0.15131999999999998,-0.1091,-0.1191,0.039847,4.6e-05
0.17268,0.0,0.15131999999999998,-0.1091,-0.1191,0.039847,0.0084
0.17268,0.0,0.15131999999999998,-0.1091,-0.1191,0.039847,0.000985
0.17268,0.0,0.15131999999999998,-0.1091,-0.2014,0.039847,0.000985
0.17268,0.0,0.15131999999999998,-0.1091,-0.2014,0.039847,0.0
0.17268,0.0,0.15131999999999998,-0.1091,-0.2014,0.039847,0.0003
0.17268,0.0,0.15131999999999998,-0.1091,-0.2014,0.039847,0.0
0.17268,0.0,0.15131999999999998,-0.1091,-0.2014,0.039847,0.0
0.17268,0.0,0.15131999999999998,-0.1091,-0.2014,0.031517,0.0
0.17268,0.0,0.15131999999999998,-0.1091,-0.2014,0.031517,0.0005
0.17268,0.0,0.15131999999999998,-0.1091,-0.2014,0.031517,0.0
0.17268,0.0,0.15131999999999998,-0.1091,-0.2014,0.031517,0.0
0.17268,0.0,0.15131999999999998,-0.1091,-0.2014,0.031517,0.0039
0.17268,0.0,0.15131999999999998,-0.1091,-0.2014,0.031517,0.0
0.17268,0.0,0.15131999999999998,-0.1091,-0.14029999999999998,0.031517,0.0
0.17268,0.0,0.15131999999999998,-0.1091,-0.14029999999999998,0.031517,0.0
0.17268,0.0,0.15131999999999998,-0.1091,-0.14029999999999998,0.048351,0.0
0.17268,0.0,0.15131999999999998,-0.1091,-0.14029999999999998,0.048351,0.0026
0.17268,0.0,0.15131999999999998,-0.1091,-0.14029999999999998,0.048351,8.7e-05
0.17268,0.0,0.15131999999999998,-0.1091,-0.14029999999999998,0.048351,0.0025
0.17268,0.0,0.15131999999999998,-0.1091,-0.14029999999999998,0.048351,0.0
0.17268,0.0,0.15131999999999998,-0.1091,-0.14029999999999998,0.048351,0.0
0.17268,0.0,0.15131999999999998,-0.1091,-0.1561,0.048351,0.0003
0.17268,0.0,0.15131999999999998,-0.1091,-0.1561,0.02515,0.0003
0.17268,0.0,0.15131999999999998,-0.1091,-0.1561,0.0051340000000000005,0.0003
0.17268,0.0,0.15131999999999998,-0.1091,-0.1561,0.0051340000000000005,0.0006
0.17268,0.0,0.15131999999999998,-0.1091,-0.1561,0.0051340000000000005,0.0013
0.17268,0.0,0.15131999999999998,-0.1091,-0.1561,0.0051340000000000005,0.0096
0.17268,0.0,0.15131999999999998,-0.1091,-0.1561,0.0051340000000000005,1.2e-05
0.17268,0.0,0.15131999999999998,-0.1091,-0.1561,0.0051340000000000005,0.0005
0.17268,0.0,0.15131999999999998,-0.1091,-0.1561,0.0051340000000000005,0.0065
0.17268,0.0,0.15131999999999998,-0.1091,-0.1561,0.0051340000000000005,3.9e-05
0.17268,0.0,0.15131999999999998,-0.1091,-0.1561,0.0051340000000000005,0.0026
0.17268,0.0,0.15131999999999998,-0.1091,-0.1561,0.0051340000000000005,0.0005
0.17268,0.0,0.15131999999999998,-0.1091,-0.1561,0.0051340000000000005,0.0005
0.17268,0.0,0.15131999999999998,-0.1091,-0.1561,0.0051340000000000005,0.0004
0.17268,0.0,0.15131999999999998,-0.1091,-0.1561,0.0051340000000000005,0.0082
0.17268,0.0,0.15131999999999998,-0.1091,-0.1561,0.0051340000000000005,6.1e-05
0.17268,0.0,0.15131999999999998,-0.1091,-0.1561,0.0051340000000000005,1.2e-05
0.17268,0.0,0.15131999999999998,-0.1091,-0.1561,0.0051340000000000005,0.0034
0.17268,0.0,0.15131999999999998,-0.1091,-0.1561,0.0051340000000000005,4.4e-05
0.17268,0.0,0.15131999999999998,-0.1091,-0.1561,0.0051340000000000005,2.1e-05
0.17268,0.0,0.15131999999999998,-0.1091,-0.1561,0.0051340000000000005,0.0096
0.17268,0.0,0.15131999999999998,-0.1091,-0.1561,0.0051340000000000005,0.0009
0.17268,0.0,0.15131999999999998,-0.1091,-0.1561,0.0051340000000000005,0.0071
0.17268,0.0,0.15131999999999998,-0.1091,-0.1561,0.0051340000000000005,0.0067
0.17268,0.0,0.15131999999999998,-0.1091,-0.1561,0.0051340000000000005,3.7e-05
0.17268,0.0,0.15131999999999998,-0.1091,-0.1561,0.0051340000000000005,0.0081
0.17268,0.0,0.15131999999999998,-0.1091,-0.1561,0.0051340000000000005,0.0015
0.17268,0.0,0.15131999999999998,-0.1091,-0.1561,0.067538,0.0015
0.17268,0.0,0.15131999999999998,-0.1091,-0.1561,0.067538,2.6000000000000002e-05
0.17268,0.0,0.15131999999999998,-0.1091,-0.1561,0.067538,0.0005
0.17268,0.0,0.15131999999999998,-0.1091,-0.1561,0.067538,0.0037
0.17268,0.0,0.15131999999999998,-0.1091,-0.1561,0.067538,0.0008
0.17268,0.0,0.15131999999999998,-0.1091,-0.1561,0.067538,0.000362
0.17268,0.0,0.19846,-0.1091,-0.1561,0.067538,2.7000000000000002e-05
0.17268,0.0,0.19846,-0.1091,-0.1561,0.067538,2.7000000000000002e-05
0.17268,0.0,0.19846,-0.1091,-0.1561,0.067538,0.0009
0.17268,0.0,0.19846,-0.1091,-0.1561,0.067538,0.0089
0.17268,0.0,0.19846,-0.1091,-0.1561,0.067538,8.3e-05
0.17268,0.0,0.19846,-0.1091,-0.1561,0.067538,0.0094
0.17268,0.0,0.19846,-0.1091,-0.1561,0.035621,0.0094
0.17268,0.0,0.19846,-0.1091,-0.1561,0.035621,0.0071
0.17268,0.0,0.19846,-0.1091,-0.1561,0.035621,0.0079
0.17268,0.0,0.19846,-0.1091,-0.1561,0.035621,0.0007
0.17268,0.0,0.19846,-0.1091,-0.1561,0.035621,0.0038
0.17268,0.0,0.19846,-0.1091,-0.1561,0.035621,0.0094
0.17268,0.0,0.19846,-0.1091,-0.1561,0.035621,0.0085
0.17268,0.0,0.17868,-0.1091,-0.1561,0.035621,9.1e-05
0.17268,0.0,0.17868,-0.1091,-0.1561,0.035621,0.0019
0.17268,0.0,0.17868,-0.1091,-0.1561,0.035621,0.0005
0.17268,0.0,0.17868,-0.1091,-0.1561,0.035621,2.4e-05
0.17268,0.0,0.17868,-0.1091,-0.1561,0.035621,2.4e-05
0.17268,0.0,0.17868,-0.1091,-0.1561,0.035621,9.6e-05
0.17268,0.0,0.17868,-0.1091,-0.1561,0.035621,0.0001
0.17268,0.0,0.17868,-0.1091,-0.1561,0.035621,6.9e-05
0.17268,0.0,0.17868,-0.1091,-0.1561,0.035621,3.5e-05
0.17268,0.0,0.17868,-0.1091,-0.1561,0.035621,0.0009
0.17268,0.0,0.17868,-0.1091,-0.1561,0.035621,0.0045
0.17268,0.0,0.17868,-0.1091,-0.1561,0.035621,3.4e-05
0.17268,0.0,0.17868,-0.1091,-0.1561,0.035621,0.00021600000000000002
0.17268,0.0,0.17868,-0.1091,-0.1561,0.035621,0.0025
0.17268,0.0,0.17868,-0.1091,-0.1561,0.035621,0.0003
0.17268,0.0,0.17868,-0.1091,-0.1561,0.035621,0.0005
0.17268,0.0,0.17868,-0.1091,-0.1561,0.035621,0.0003
0.17268,0.0,0.17868,-0.1091,-0.1561,0.035621,0.0007
0.17268,0.0,0.17868,-0.1091,-0.1561,0.035621,0.000411
0.17268,0.0,0.17868,-0.1091,-0.1561,0.035621,0.004017
0.17268,0.0,0.35705000000000003,-0.1091,-0.1561,0.035621,0.008673
0.17268,0.0,0.35705000000000003,-0.1091,-0.1561,0.035621,0.0057
0.17268,0.0,0.35705000000000003,-0.1091,-0.1561,0.035621,0.0007
0.17268,0.0,0.35705000000000003,-0.1091,-0.1561,0.035621,0.0046
0.17268,0.0,0.35705000000000003,-0.1091,-0.1561,0.035621,3.4e-05
0.17268,0.0,0.35705000000000003,-0.1091,-0.1561,0.035621,0.0003
0.17268,0.0,0.35705000000000003,-0.1091,-0.1561,0.035621,0.0068
0.17268,0.0,0.35705000000000003,-0.1091,-0.1561,0.035621,0.0086
0.17268,0.0,0.35705000000000003,-0.1091,-0.1561,0.035621,0.0065
0.17268,0.0,0.35705000000000003,-0.1091,-0.1561,0.035621,0.0068
0.17268,0.0,0.35705000000000003,-0.1091,-0.1561,0.035621,0.0058
0.17268,0.0,0.35705000000000003,-0.1091,-0.1561,0.035621,0.0026
0.17268,0.0,0.33856,-0.1091,-0.1561,0.035621,0.006258
0.17268,0.0,0.33856,-0.1091,-0.1561,0.035621,0.0061
0.17268,0.0,0.33856,-0.1091,-0.1561,0.035621,8.9e-05
0.17268,0.0,0.33856,-0.1091,-0.1561,0.035621,4e-05
0.17268,0.0,0.33856,-0.1091,-0.1561,0.035621,0.0085
0.17268,0.0,0.33856,-0.1091,-0.1561,0.035621,0.0027
0.17268,0.0,0.33856,-0.1091,-0.1561,0.035621,0.0004
0.17268,0.0,0.33856,-0.1091,-0.1561,0.035621,3.7e-05
0.17268,0.0,0.19183,-0.1091,-0.1561,0.035621,0.000559
0.17268,0.0,0.19183,-0.1091,-0.1561,0.035621,0.0007769999999999999
0.17268,0.0,0.19183,-0.1091,-0.1561,0.035621,0.0008
0.17268,0.0,0.19183,-0.1091,-0.1561,0.035621,2.8000000000000003e-05
0.17268,0.0,0.19183,-0.1091,-0.1561,0.035621,0.000138
0.17268,0.0,0.19183,-0.1091,-0.1561,0.035621,0.0048
0.17268,0.0,0.19183,-0.1091,-0.1561,0.071323,0.0048
0.17268,0.0,0.19183,-0.1091,-0.1561,0.071323,0.0048
0.17268,0.0,0.19183,-0.1091,-0.1561,0.071323,8.2e-05
0.17268,0.0,0.14323,-0.1091,-0.1561,0.071323,0.000906
0.17268,0.0,0.14323,-0.1091,-0.1561,0.071323,0.0002
0.17268,0.0,0.14323,-0.1091,-0.1561,0.071323,0.0036
0.17268,0.0,0.14323,-0.1091,-0.1561,0.071323,0.0036
0.17268,0.0,0.14323,-0.1091,-0.1561,0.071323,0.0063
0.17268,0.0,0.14323,-0.1091,-0.1561,0.071323,1.3000000000000001e-05
0.17268,0.0,0.14323,-0.1091,-0.1561,0.071323,7.099999999999999e-05
0.17268,0.0,0.14323,-0.1091,-0.1561,0.071323,0.00025499999999999996
0.17268,0.0,0.14323,-0.1091,-0.1561,0.071323,0.000524
0.17268,0.0,0.14323,-0.1091,-0.1561,0.071323,0.0033
0.17268,0.0,0.14323,-0.1091,-0.1561,0.071323,0.0007
0.17268,0.0,0.14323,-0.1091,-0.1561,0.071323,0.0005
0.17268,0.0,0.14323,-0.1091,-0.1561,0.071323,0.0025
0.17268,0.0,0.14323,-0.1091,-0.1561,0.071323,0.0008990000000000001
0.17268,0.0,0.14323,-0.1091,-0.1561,0.071323,0.0
0.17268,0.0,0.14323,-0.1091,-0.1561,0.071323,0.0004
0.17268,0.0,0.14323,-0.1091,-0.1561,0.071323,2.9999999999999997e-05
0.17268,0.0,0.14323,-0.1091,-0.1561,0.071323,3.8e-05
0.17268,0.0,0.14323,-0.1091,-0.1561,0.071323,0.0004
0.17268,0.0,0.14323,-0.1091,-0.1561,0.09246499999999999,0.0004
0.17268,0.0,0.14323,-0.1091,-0.1561,0.09246499999999999,7.8e-05
0.17268,0.0,0.14323,-0.1091,-0.1561,0.09246499999999999,7.6e-05
0.17268,0.0,0.14323,-0.1091,-0.1561,0.09246499999999999,0.0056
0.17268,0.0,0.14323,-0.1091,-0.1561,0.09246499999999999,8.6e-05
0.17268,0.0,0.14323,-0.1091,-0.1561,0.09246499999999999,5.1e-05
0.17268,0.0,0.14323,-0.1091,-0.1561,0.09246499999999999,0.0064
0.17268,0.0,0.14323,-0.1091,-0.1561,0.09246499999999999,0.0067
0.17268,0.0,0.14323,-0.1091,-0.1561,0.09246499999999999,4.6e-05
0.17268,0.0,0.14323,-0.1091,-0.1561,0.09246499999999999,2.3e-05
0.17268,0.0,0.14323,-0.1091,-0.1561,0.11603,0.0004
0.17268,0.0,0.14323,-0.1091,-0.1561,0.11603,0.0
0.17268,0.0,0.14323,-0.1091,-0.1561,0.11603,0.0075
0.17268,0.0,0.14323,-0.1091,-0.1561,0.11992,0.0009
0.17268,0.0,0.14323,-0.1091,-0.1561,0.11992,5.9999999999999995e-05
0.17268,0.0,0.14323,-0.1091,-0.1561,0.11992,0.000252
0.17268,0.0,0.14323,-0.1091,-0.1561,0.10958,0.0005
0.17268,0.0,0.14323,-0.1091,-0.1561,0.10958,0.003908
0.17268,0.0,0.19883,-0.1091,-0.1561,0.10958,0.066291
0.17268,0.0,0.19883,-0.1091,-0.1561,0.10958,0.0023829999999999997
0.17268,0.0,0.19883,-0.1091,-0.1561,0.13989000000000001,0.0023829999999999997
0.17268,0.0,0.19883,-0.1091,-0.1561,0.13989000000000001,0.0085
0.17268,0.0,0.19883,-0.1091,-0.1561,0.15936,0.0085
0.17268,0.0,0.19883,-0.1091,-0.1561,0.16627,0.0004
0.17268,0.0,0.19883,-0.1091,-0.1561,0.16627,8.2e-05
0.17268,0.0,0.19883,-0.1091,-0.1561,0.16627,2.1e-05
0.17268,0.0,0.19883,-0.1091,-0.1561,0.16627,0.000684
0.17268,0.0,0.19883,-0.1091,-0.1561,0.16627,0.000539
0.17268,0.0,0.19883,-0.1091,-0.1561,0.16627,0.000212
0.17268,0.0,0.19883,-0.1091,-0.1561,0.16627,0.000671
0.17268,0.0,0.19883,-0.1091,-0.1561,0.16627,4.1e-05
0.17268,0.0,0.19883,-0.1091,-0.1561,0.16627,0.0021
0.17268,0.0,0.19883,-0.1091,-0.1561,0.16627,0.00014
0.17268,0.0,0.30052999999999996,-0.1091,-0.1561,0.16627,0.034917000000000004
0.17268,0.0,0.30052999999999996,-0.1091,-0.1561,0.11260999999999999,0.0007
0.17268,0.0,0.30052999999999996,-0.1091,-0.1561,0.11260999999999999,1.9e-05
0.17268,0.0,0.30052999999999996,-0.1091,-0.1561,0.11260999999999999,0.000859
0.17268,0.0,0.30052999999999996,-0.1091,-0.1561,0.11260999999999999,0.00055
0.17268,0.0,0.30052999999999996,-0.1091,-0.1561,0.11260999999999999,8e-06
0.17268,0.0,0.30052999999999996,-0.1091,-0.1561,0.11260999999999999,8.3e-05
0.17268,0.0,0.30052999999999996,-0.1091,-0.1561,0.11260999999999999,8.4e-05
0.17268,0.0,0.26238,-0.1091,-0.1561,0.11260999999999999,0.006875
0.17268,0.0,0.26238,-0.1091,-0.1561,0.11260999999999999,0.00018700000000000002
0.17268,0.0,0.26238,-0.1091,-0.1561,0.11260999999999999,0.0076
0.17268,0.0,0.32183,-0.1091,-0.1561,0.11260999999999999,0.061664
0.17268,0.0,0.32183,-0.1091,-0.1561,0.11260999999999999,2.4e-05
0.17268,0.0,0.32183,-0.1091,-0.1561,0.11260999999999999,0.0002
0.17268,0.0,0.32183,-0.1091,-0.1561,0.11260999999999999,0.0067
0.17268,0.0,0.32183,-0.1091,-0.1561,0.11260999999999999,0.0021
0.17268,0.0,0.32183,-0.1091,-0.1561,0.11260999999999999,2.5e-05
0.17268,0.0,0.32183,-0.1091,-0.1561,0.1209,0.0001
0.17268,0.0,0.32183,-0.1091,-0.1561,0.14765,0.0007
0.17268,0.0,0.32183,-0.1091,-0.1561,0.14765,0.00074
0.17268,0.0,0.32183,-0.1091,-0.1561,0.14765,0.000953
0.17268,0.0,0.32183,-0.1091,-0.1561,0.14765,0.002434
0.17268,0.0,0.32183,-0.1091,-0.1561,0.14765,0.0095
0.17268,0.0,0.32183,-0.1091,-0.1561,0.14765,2.3e-05
0.17268,0.0,0.32183,-0.1091,-0.1561,0.14765,0.000773
0.17268,0.0,0.32183,-0.1091,-0.1561,0.14765,0.0009
0.17268,0.0,0.32183,-0.1091,-0.1561,0.14765,7.5e-05
0.17268,0.0,0.32183,-0.1091,-0.1561,0.14765,0.0041
0.17268,0.0,0.32183,-0.1091,-0.1561,0.14765,0.004799
0.17268,0.0,0.31717,-0.1091,-0.1561,0.14765,0.000547
0.17268,0.0,0.31717,-0.1091,-0.1561,0.14765,3.9e-05
0.17268,0.0,0.31717,-0.1091,-0.1561,0.14765,0.0097
0.17268,0.0,0.31717,-0.1091,-0.1561,0.14765,0.0009
0.17268,0.0,0.31717,-0.1091,-0.1561,0.14765,0.0
0.17268,0.0,0.31717,-0.1091,-0.1561,0.14765,8.4e-05
0.17268,0.0,0.31717,-0.1091,-0.1561,0.14765,2.3e-05
0.17268,0.0,0.31717,-0.1091,-0.1561,0.14765,0.002886
0.17268,0.0,0.24509,-0.1091,-0.1561,0.14765,0.0019440000000000002
0.17268,0.0,0.21152,-0.1091,-0.1561,0.14765,0.094145
0.17268,0.0,0.21152,-0.1091,-0.1561,0.11911,0.0005
0.17268,0.0,0.21152,-0.1091,-0.1561,0.11911,0.0017
0.17268,0.0,0.21152,-0.1091,-0.1561,0.11911,0.0087
0.17268,0.0,0.21152,-0.1091,-0.1561,0.11911,0.0087
0.17268,0.0,0.21152,-0.1091,-0.1561,0.11911,2.7000000000000002e-05
0.17268,0.0,0.21152,-0.1091,-0.1561,0.11911,0.0026
0.17268,0.0,0.21152,-0.1091,-0.1561,0.11911,0.0039
0.17268,0.0,0.21152,-0.1091,-0.1561,0.11911,0.000933
0.17268,0.0,0.17263,-0.1091,-0.1561,0.11911,0.049658999999999995
0.17268,0.0,0.17263,-0.1091,-0.1561,0.11911,0.007882
0.17268,0.0,0.17263,-0.1091,-0.1561,0.11911,0.00063
0.17268,0.0,0.17263,-0.1091,-0.1561,0.11911,5.7999999999999994e-05
0.17268,0.0,0.17263,-0.1091,-0.1561,0.11911,2.6000000000000002e-05
0.17268,0.0,0.17263,-0.1091,-0.1561,0.11911,0.0003
0.17268,0.0,0.17263,-0.1091,-0.1561,0.009261,0.0003
0.17268,0.0,0.17263,-0.1091,-0.1561,0.009261,0.0022
0.17268,0.0,0.17263,-0.1091,-0.1561,0.009261,4.4e-05
0.17268,0.0,0.26308,-0.1091,-0.1561,0.009261,0.001836
0.17268,0.0,0.26308,-0.1091,-0.1561,0.009261,0.0027
0.17268,0.0,0.26308,-0.1091,-0.1561,0.009261,0.0
0.17268,0.0,0.26308,-0.1091,-0.1561,0.080829,0.0
0.17268,0.0,0.26308,-0.1091,-0.1561,0.12335,0.0006
0.17268,0.0,0.26308,-0.1091,-0.1561,0.12335,2.2e-05
0.17268,0.0,0.26308,-0.1091,-0.1561,0.12335,0.0007
0.17268,0.0,0.26308,-0.1091,-0.1561,0.12335,0.0009
0.17268,0.0,0.26308,-0.1091,-0.1561,0.12335,0.0051
0.17268,0.0,0.26308,-0.1091,-0.1561,0.12335,0.0007
0.17268,0.0,0.26308,-0.1091,-0.1561,0.091831,0.0007
0.17268,0.0,0.26308,-0.1091,-0.1561,0.1011,0.0002
0.17268,0.0,0.26308,-0.1091,-0.1561,0.004292,0.0002
0.17268,0.0,0.26308,-0.1091,-0.1561,0.07913200000000001,0.0002
0.17268,0.0,0.26308,-0.1091,-0.1561,0.07913200000000001,0.0008
0.17268,0.0,0.26308,-0.1091,-0.1561,0.07913200000000001,0.0068
0.17268,0.0,0.26308,-0.1091,-0.1561,0.07913200000000001,0.0055
0.17268,0.0,0.26308,-0.1091,-0.1561,0.07913200000000001,3.5e-05
0.17268,0.0,0.26308,-0.1091,-0.1561,0.048,3.5e-05
0.17268,0.0,0.26308,-0.1091,-0.1561,0.048,0.0019
0.17268,0.0,0.26308,-0.1091,-0.1561,0.048,0.0002
0.17268,0.0,0.26308,-0.1091,-0.1561,0.048,0.0007
0.17268,0.0,0.26308,-0.1091,-0.1561,0.048,0.0002
0.17268,0.0,0.26308,-0.1091,-0.1561,0.087156,0.0002
0.17268,0.0,0.26308,-0.1091,-0.1561,0.0076879999999999995,0.0002
0.17268,0.0,0.26308,-0.1091,-0.1561,0.062734,0.0002
0.17268,0.0,0.26308,-0.1091,-0.1561,0.00035099999999999997,0.0002
0.17268,0.0,0.26308,-0.1091,-0.1561,0.00035099999999999997,0.0009
0.17268,0.0,0.26308,-0.1091,-0.1561,0.00035099999999999997,7.5e-05
0.17268,0.0,0.26308,-0.1091,-0.1561,0.00035099999999999997,0.0002
0.17268,0.0,0.26308,-0.1091,-0.1561,0.001732,0.0002
0.17268,0.0,0.26308,-0.1091,-0.1561,0.0028239999999999997,0.0002
0.17268,0.0,0.26308,-0.1091,-0.1561,0.048947000000000004,0.0002
0.17268,0.0,0.26308,-0.1091,-0.1561,0.048947000000000004,0.0058
0.17268,0.0,0.26308,-0.1091,-0.1561,0.0504,0.0058
0.17268,0.0,0.26308,-0.1091,-0.1561,0.052,0.0058
0.17268,0.0,0.26308,-0.1091,-0.1561,0.052,0.0009
0.17268,0.0,0.26308,-0.1091,-0.1561,0.052267999999999995,0.0009
0.17268,0.0,0.26308,-0.1091,-0.1561,0.049280000000000004,0.0009
0.17268,0.0,0.26308,-0.1091,-0.1561,0.059452,0.0009
0.17268,0.0,0.26308,-0.1091,-0.1561,0.059452,0.0008
0.17268,0.0,0.26308,-0.1091,-0.1561,0.0,0.0008
0.17268,0.0,0.26308,-0.1091,-0.1561,0.000731,0.0008
0.17268,0.0,0.26308,-0.1091,-0.1561,0.078418,0.0008
0.17268,0.0,0.26308,-0.1091,-0.1561,0.078418,0.0006
0.17268,0.0,0.26308,-0.1091,-0.1561,0.005221,0.0006
0.17268,0.0,0.26308,-0.1091,-0.1561,0.005221,0.0006
0.17268,0.0,0.26308,-0.1091,-0.1561,0.042073,0.0006
0.17268,0.0,0.16609000000000002,-0.1091,-0.1561,0.042073,2e-05
0.17268,0.0,0.16609000000000002,-0.1091,-0.1561,0.042073,0.0004
0.17268,0.0,0.16609000000000002,-0.1091,-0.1561,0.0632,0.0004
0.17268,0.0,0.16609000000000002,-0.1091,-0.1561,0.0632,0.0083
0.17268,0.0,0.16609000000000002,-0.1091,-0.1561,0.0632,0.0033
0.17268,0.0,0.16609000000000002,-0.1091,-0.1561,0.0632,9e-05
0.17268,0.0,0.16609000000000002,-0.1091,-0.1561,0.0632,0.0006
0.17268,0.0,0.16609000000000002,-0.1091,-0.1561,0.037922000000000004,0.0006
0.17268,0.0,0.16609000000000002,-0.1091,-0.1561,0.037922000000000004,0.0066
0.17268,0.0,0.16609000000000002,-0.1091,-0.1561,0.037922000000000004,0.0038
0.17268,0.0,0.16609000000000002,-0.1091,-0.1561,0.001347,0.0038
0.17268,0.0,0.16609000000000002,-0.1091,-0.1561,0.00158,0.0038
0.17268,0.0,0.16609000000000002,-0.1091,-0.1561,0.044,0.0038
0.17268,0.0,0.16609000000000002,-0.1091,-0.1561,0.055515999999999996,0.0038
0.17268,0.0,0.16609000000000002,-0.1091,-0.1561,0.068641,0.0038
0.17268,0.0,0.16609000000000002,-0.1091,-0.1561,0.068641,0.0003
0.17268,0.0,0.16609000000000002,-0.1091,-0.1561,0.068641,0.0008
0.17268,0.0,0.16609000000000002,-0.1091,-0.1561,0.001535,0.0008
0.17268,0.0,0.16609000000000002,-0.1091,-0.1561,0.044648,0.0008
0.17268,0.0,0.16609000000000002,-0.1091,-0.1561,0.049163,0.0008
0.17268,0.0,0.16609000000000002,-0.1091,-0.1561,0.049163,1.6e-05
0.17268,0.0,0.16609000000000002,-0.1091,-0.1561,0.049163,0.0049
0.17268,0.0,0.16609000000000002,-0.1091,-0.1561,0.049163,0.0049
0.17268,0.0,0.16609000000000002,-0.1091,-0.1561,0.049163,0.0002
0.17268,0.0,0.16609000000000002,-0.1091,-0.1561,0.049163,0.0001
0.17268,0.0,0.16609000000000002,-0.1091,-0.1561,0.049163,0.0001
0.17268,0.0,0.16609000000000002,-0.1091,-0.1561,0.049163,0.0059
0.17268,0.0,0.16609000000000002,-0.1091,-0.1561,0.049163,0.0008
0.17268,0.0,0.16609000000000002,-0.1091,-0.1561,0.040803,0.0008
0.17268,0.0,0.16609000000000002,-0.1091,-0.1561,0.040803,0.000333
0.17268,0.0,0.16609000000000002,-0.1091,-0.1561,0.040803,2.5e-05
0.17268,0.0,0.16609000000000002,-0.1091,-0.1561,0.040803,0.000736
0.17268,0.0,0.16609000000000002,-0.1091,-0.1561,0.040803,8e-05
0.17268,0.0,0.16609000000000002,-0.1091,-0.1561,0.040803,0.0078
0.17268,0.0,0.16609000000000002,-0.1091,-0.1561,0.048164,0.0078
0.17268,0.0,0.16609000000000002,-0.1091,-0.1561,0.048164,0.0007
0.17268,0.0,0.16609000000000002,-0.1091,-0.1561,0.048164,0.0002
0.17268,0.0,0.16609000000000002,-0.1091,-0.1561,0.048164,0.0003
0.17268,0.0,0.16609000000000002,-0.1091,-0.1561,0.048164,8.6e-05
0.17268,0.0,0.16609000000000002,-0.1091,-0.1561,0.048164,0.000582
0.17268,0.0,0.16609000000000002,-0.1091,-0.1561,0.048164,0.0
0.17268,0.0,0.16609000000000002,-0.1091,-0.1561,0.048164,0.0
0.17268,0.0,0.16609000000000002,-0.1091,-0.1561,0.048164,0.0
0.17268,0.0,0.16609000000000002,-0.1091,-0.1561,0.048164,0.0
0.17268,0.0,0.16609000000000002,-0.1091,-0.1561,0.048164,0.000917
0.17268,0.0,0.16609000000000002,-0.1091,-0.1561,0.048164,0.0015
0.17268,0.0,0.16609000000000002,-0.1091,-0.1561,0.048164,0.000722
0.17268,0.0,0.16609000000000002,-0.1091,-0.1561,0.048164,0.0
0.17268,0.0,0.16609000000000002,-0.1091,-0.1561,0.048164,0.0009109999999999999
0.17268,0.0,0.16853,-0.1091,-0.1561,0.048164,0.000324
0.17268,0.0,0.16853,-0.1091,-0.1561,0.048164,8.499999999999999e-05
0.17268,0.0,0.16853,-0.1091,-0.1561,0.048164,0.000715
0.17268,0.0,0.16853,-0.1091,-0.1561,0.048164,0.0006
0.17268,0.0,0.16853,-0.1091,-0.1561,0.048164,5e-06
0.17268,0.0,0.16853,-0.1091,-0.1561,0.048164,0.0
0.17268,0.0,0.16853,-0.1091,-0.1561,0.048164,0.0
0.17268,0.0,0.16853,-0.1091,-0.1561,0.048164,0.0
